sensor_1,sensor_2,sensor_3,sensor_4,sensor_5
-0.048577126,0.03287321,-0.03062216,-0.024645919,0.05437973
-0.044732157,0.030293068,-0.036473453,-0.03751286,0.0527825
-0.043820985,0.025542265,-0.028996194,-0.026592096,0.06004376
-0.037853427,0.03809273,-0.019774802,-0.021711003,0.05510122
-0.051156025,0.04396622,-0.030006245,-0.020518692,0.058923215
-0.045436036,0.03240269,-0.019472137,-0.018369135,0.051080946
-0.02883006,0.05230365,-0.02158673,-0.013196849,0.034861278
-0.03146876,0.036594145,-0.025467763,-0.019775148,0.045161568
-0.05973522,0.027130278,-0.030921476,-0.0398084,0.061216783
-0.037694722,0.02177323,-0.01916157,-0.018130453,0.042494014
-0.053259943,0.03229022,-0.0409178,-0.027723672,0.060793847
-0.033186205,0.019521043,-0.03759185,-0.041844267,0.055637743
-0.048015278,0.03873979,-0.02729199,-0.025420455,0.05743205
-0.049090184,0.03136949,-0.016213624,-0.021506337,0.049824923
-0.05454022,0.04253855,-0.03818032,-0.02795369,0.061616935
-0.049066428,0.023652397,-0.0065827873,-0.002089104,0.046519678
-0.044381715,0.046862297,-0.012004191,-0.01531616,0.032022707
-0.052106027,0.03841837,-0.047134914,-0.02754783,0.051992625
-0.04343752,0.019247083,-0.0487173,-0.023915377,0.067735046
-0.057726894,0.0419684,-0.047303006,-0.024356287,0.06634127
-0.05279813,0.019410066,-0.02402707,-0.01358417,0.05400999
-0.049885083,0.038882423,-0.047788486,-0.0037801445,0.04360279
-0.06205472,0.048583504,-0.039379068,-0.015331857,0.036797985
-0.045919646,0.026965618,-0.03506034,-0.0171454,0.053689003
-0.03173425,0.038734075,-0.016603133,-0.036878902,0.049965505
-0.042107668,0.034684543,-0.021589117,-0.024129506,0.045934148
-0.06759582,0.028592002,-0.058253407,-0.023872219,0.049338557
-0.025518542,0.0675775,-0.023453735,-0.008055494,0.042475626
-0.044079494,0.03850008,-0.042058047,-0.012344358,0.053241715
-0.04612819,0.03545971,-0.040977433,-0.021848703,0.043805912
-0.02821621,0.04789505,-0.02443231,-0.013129384,0.03841305
-0.0462599,0.046832368,-0.034562547,-0.020207671,0.050341558
-0.03672829,0.040261813,-0.015254811,-0.01595218,0.041033812
-0.033548817,0.033794932,-0.032895315,-0.010158868,0.051166493
-0.036346845,0.05376556,-0.026188288,-0.005246527,0.042022932
-0.03259758,0.032367922,-0.032195527,-0.019332508,0.04389865
-0.033739675,0.038812786,-0.019964613,-0.01997957,0.04952218
-0.048211407,0.03279833,-0.024288118,-0.02608646,0.05424543
-0.044489432,0.026271706,-0.01563189,-0.015164992,0.04414045
-0.052441236,0.028862158,-0.040899683,-0.019485459,0.057672955
-0.049000803,0.023379343,-0.02554267,-0.019694446,0.049807876
-0.028482128,0.036896765,-0.019795978,-0.01595414,0.046828076
-0.04858566,0.026555657,-0.029923262,-0.019857332,0.05544728
-0.034492783,0.036734883,-0.026226424,-0.03849466,0.05167267
-0.05125913,0.04557154,-0.022426605,-0.015849864,0.050001204
-0.052110363,0.050541904,-0.049415674,-0.03306589,0.057752125
-0.034639027,0.04762603,-0.02386799,-0.008927686,0.04659572
-0.034050915,0.029260471,-0.023583002,-0.0071320552,0.04712614
-0.050423272,0.038447723,-0.045725826,-0.023793936,0.051616292
-0.051045675,0.04121829,-0.026017157,-0.031724203,0.056140166
-0.04010779,0.02428421,-0.038780417,-0.023270575,0.065244295
-0.03891974,0.022266094,-0.024268178,-0.025448276,0.040334046
-0.03251842,0.064085744,-0.0058564693,-0.013117894,0.030184854
-0.025370672,0.030725839,-0.017039126,-0.033789627,0.050872263
-0.036501247,0.06905881,-0.024391409,0.00036561207,0.034816988
-0.04994807,0.026000129,-0.015251838,-0.008466436,0.048213057
-0.035960127,0.049185097,-0.020929497,0.0041246777,0.036757544
-0.041894488,0.025183668,-0.02728245,-0.019526804,0.052327935
-0.045030728,0.03253511,-0.02308196,-0.036671255,0.053980697
-0.050434683,0.031765785,-0.030565182,-0.04529119,0.052366156
-0.03837733,0.027499324,-0.03397788,-0.025380911,0.07860113
-0.033441067,0.03096147,-0.034598287,-0.013475653,0.038747706
-0.03861602,0.04128111,-0.008011095,-0.010756816,0.037116826
-0.0458181,0.017263597,-0.033759903,-0.023002269,0.05622688
-0.036983058,0.030392243,-0.015722744,-0.030087022,0.05052833
-0.04069751,0.026471067,-0.022369733,-0.023054315,0.064718395
-0.03201375,0.048236825,-0.026605649,-0.028005315,0.0426806
-0.05968636,0.030101012,-0.047684405,-0.024761472,0.044407617
-0.04060746,0.03503427,-0.0041421712,-0.020495873,0.04476321
-0.048157696,0.028887441,-0.024508987,-0.028729873,0.043230418
-0.033694133,0.038695324,-0.021763673,-0.010127172,0.0504546
-0.028080205,0.048197556,-0.04269056,-0.017066203,0.050562818
-0.035607055,0.039887577,-0.025523704,-0.02809026,0.047993984
-0.047301557,0.0175249,-0.03631223,-0.019674547,0.043930378
-0.03861755,0.03553576,-0.024559032,-0.016945181,0.037007287
-0.042655826,0.019221189,-0.026449025,-0.022367725,0.05411788
-0.021001792,0.048427537,-0.023965605,-0.020462696,0.040003188
-0.05303892,0.02271746,-0.031024158,-0.01580087,0.059230976
-0.055673912,0.03259354,-0.038847048,-0.011330803,0.050734825
-0.039062306,0.05145232,-0.03178057,-0.017858507,0.043867003
-0.038558744,0.029469732,-0.016406413,-0.025853109,0.050924063
-0.041998252,0.052545436,-0.03083515,-0.021607326,0.045494672
-0.045849968,0.025541257,-0.023007773,-0.017825363,0.051698968
-0.040588345,0.03344024,-0.020619007,-0.015874073,0.050826285
-0.04495886,0.03293084,-0.043069027,-0.03135887,0.06028793
-0.045314517,0.042570148,-0.03890876,-0.019252403,0.050067358
-0.039618414,0.012955565,-0.022833478,-0.014743845,0.039422516
-0.053429592,0.020996165,-0.02179007,-0.011184237,0.068655275
-0.04193007,0.031279415,-0.015333976,-0.015000273,0.047851585
-0.0464255,0.037701715,-0.0468993,-0.0040959013,0.057514574
-0.0594083,0.05335127,-0.048518494,-0.032981336,0.067530125
-0.047159042,0.033150703,-0.03209511,-0.025819559,0.03806865
-0.054141115,0.057496913,-0.048200592,-0.012270484,0.072776645
-0.05065001,0.042594384,-0.025455277,-0.012039487,0.05200004
-0.05364033,0.033742845,-0.008689853,-0.00670338,0.04310553
-0.023999223,0.037663348,-0.009384992,-0.01593975,0.045130853
-0.052784573,0.021719936,-0.021887682,-0.03172349,0.049206335
-0.040873665,0.042161487,-0.008083313,-0.017249899,0.03514208
-0.042708643,0.05300033,-0.018892562,-0.02239749,0.05410576
-0.02697985,0.027977632,-0.026554335,-0.025626866,0.06457555
