timestamp,temperature_C,pressure_bar,flow_rate_lps,vibration_mms
2025-04-22 00:00:00,76.64,5.9,107.45,1.941
2025-04-22 00:01:00,73.73,5.76,102.99,2.236
2025-04-22 00:02:00,75.05,4.87,103.13,1.975
2025-04-22 00:03:00,74.66,4.89,108.8,2.234
2025-04-22 00:04:00,78.15,5.64,103.25,2.092
2025-04-22 00:05:00,74.97,5.53,103.91,2.252
2025-04-22 00:06:00,77.25,4.69,115.35,2.16
2025-04-22 00:07:00,81.03,5.34,96.76,2.261
2025-04-22 00:08:00,79.16,5.67,95.69,1.978
2025-04-22 00:09:00,74.9,6.04,100.71,2.242
2025-04-22 00:10:00,75.13,4.79,107.92,2.123
2025-04-22 00:11:00,77.14,4.87,86.29,2.083
2025-04-22 00:12:00,71.83,5.72,107.03,2.039
2025-04-22 00:13:00,73.84,4.74,103.68,2.086
2025-04-22 00:14:00,77.23,5.08,100.68,2.034
2025-04-22 00:15:00,75.69,5.06,95.1,2.041
2025-04-22 00:16:00,80.84,4.87,103.87,2.199
2025-04-22 00:17:00,74.45,4.84,102.95,1.945
2025-04-22 00:18:00,73.38,4.77,99.13,2.201
2025-04-22 00:19:00,73.78,5.01,108.99,2.112
2025-04-22 00:20:00,76.04,4.94,104.37,2.225
2025-04-22 00:21:00,75.6,4.85,98.94,1.891
2025-04-22 00:22:00,81.58,4.56,98.6,2.116
2025-04-22 00:23:00,75.0,5.71,103.4,1.938
2025-04-22 00:24:00,76.14,5.3,102.55,2.104
2025-04-22 00:25:00,78.21,5.22,98.85,2.068
2025-04-22 00:26:00,75.73,5.44,97.13,2.098
2025-04-22 00:27:00,77.39,4.77,105.48,1.96
2025-04-22 00:28:00,76.99,5.12,101.79,1.983
2025-04-22 00:29:00,78.09,5.64,92.17,2.333
2025-04-22 00:30:00,72.48,5.62,96.18,2.163
2025-04-22 00:31:00,78.02,5.02,106.08,2.234
2025-04-22 00:32:00,75.65,5.41,105.51,2.181
2025-04-22 00:33:00,76.47,5.09,104.75,2.094
2025-04-22 00:34:00,75.03,5.3,103.19,2.262
2025-04-22 00:35:00,80.15,5.16,111.8,2.334
2025-04-22 00:36:00,70.88,4.27,107.29,2.112
2025-04-22 00:37:00,79.5,5.7,100.64,2.318
2025-04-22 00:38:00,74.3,5.34,109.71,2.257
2025-04-22 00:39:00,79.82,4.86,102.46,2.105
2025-04-22 00:40:00,79.05,5.02,113.26,2.144
2025-04-22 00:41:00,78.54,5.08,96.29,2.458
2025-04-22 00:42:00,78.07,5.43,107.83,2.08
2025-04-22 00:43:00,81.67,5.53,99.71,2.045
2025-04-22 00:44:00,74.51,5.5,100.25,1.953
2025-04-22 00:45:00,74.55,5.4,99.72,2.177
2025-04-22 00:46:00,74.36,4.72,105.69,1.861
2025-04-22 00:47:00,78.31,5.37,106.61,2.001
2025-04-22 00:48:00,72.75,5.27,103.13,2.223
2025-04-22 00:49:00,78.53,5.06,94.15,1.867
2025-04-22 00:50:00,75.28,5.07,104.28,2.074
2025-04-22 00:51:00,73.33,5.43,90.46,2.125
2025-04-22 00:52:00,73.31,5.38,97.87,1.951
2025-04-22 00:53:00,74.01,5.11,108.02,2.123
2025-04-22 00:54:00,72.28,4.43,101.65,2.129
2025-04-22 00:55:00,77.29,4.5,98.36,2.175
2025-04-22 00:56:00,78.13,4.58,108.05,2.236
2025-04-22 00:57:00,78.4,5.09,93.17,2.336
2025-04-22 00:58:00,74.43,5.26,93.61,2.193
2025-04-22 00:59:00,76.77,5.36,104.09,2.144
2025-04-22 01:00:00,76.01,5.62,108.5,2.088
2025-04-22 01:01:00,77.73,5.27,102.11,2.075
2025-04-22 01:02:00,77.11,4.55,106.48,2.051
2025-04-22 01:03:00,76.23,5.61,98.85,2.24
2025-04-22 01:04:00,71.35,5.87,113.32,1.911
2025-04-22 01:05:00,75.58,5.49,108.3,2.264
2025-04-22 01:06:00,76.28,5.35,102.33,2.3
2025-04-22 01:07:00,74.26,5.69,109.61,2.026
2025-04-22 01:08:00,75.33,4.92,94.29,2.215
2025-04-22 01:09:00,72.75,5.45,101.18,2.163
2025-04-22 01:10:00,75.2,5.2,94.49,2.098
2025-04-22 01:11:00,77.26,5.05,96.23,2.185
2025-04-22 01:12:00,81.22,4.21,101.07,2.238
2025-04-22 01:13:00,73.47,4.68,102.75,2.276
2025-04-22 01:14:00,75.94,5.28,103.96,2.108
2025-04-22 01:15:00,73.6,5.43,104.45,2.002
2025-04-22 01:16:00,75.77,5.03,105.64,2.262
2025-04-22 01:17:00,75.44,5.33,97.29,2.005
2025-04-22 01:18:00,78.08,5.0,95.55,2.226
2025-04-22 01:19:00,78.44,5.03,100.32,2.203
2025-04-22 01:20:00,76.41,4.86,95.34,2.11
2025-04-22 01:21:00,75.71,5.08,104.34,1.792
2025-04-22 01:22:00,78.97,5.31,109.15,2.087
2025-04-22 01:23:00,76.45,5.35,101.64,1.999
2025-04-22 01:24:00,79.79,5.3,95.55,2.125
2025-04-22 01:25:00,71.91,4.93,104.44,2.169
2025-04-22 01:26:00,80.45,4.95,109.33,1.904
2025-04-22 01:27:00,74.46,5.09,103.67,2.056
2025-04-22 01:28:00,73.28,4.86,103.87,2.363
2025-04-22 01:29:00,75.89,4.91,115.42,2.317
2025-04-22 01:30:00,73.09,5.19,102.67,2.166
2025-04-22 01:31:00,77.42,4.92,100.09,2.153
2025-04-22 01:32:00,74.84,5.05,106.81,2.135
2025-04-22 01:33:00,76.72,4.77,103.65,2.056
2025-04-22 01:34:00,73.56,5.28,104.27,2.088
2025-04-22 01:35:00,75.44,5.18,96.95,2.06
2025-04-22 01:36:00,76.24,5.24,103.03,2.142
2025-04-22 01:37:00,75.53,4.91,102.61,2.065
2025-04-22 01:38:00,79.98,5.51,100.59,2.132
2025-04-22 01:39:00,77.46,5.21,99.52,2.099
2025-04-22 01:40:00,76.51,5.21,108.92,2.197
2025-04-22 01:41:00,71.36,5.37,102.83,1.843
2025-04-22 01:42:00,76.95,5.85,98.44,2.171
2025-04-22 01:43:00,79.09,4.41,109.53,2.076
2025-04-22 01:44:00,74.28,5.19,98.19,2.165
2025-04-22 01:45:00,75.5,4.97,94.36,2.221
2025-04-22 01:46:00,68.44,4.79,112.11,2.137
2025-04-22 01:47:00,72.89,4.53,108.11,2.225
2025-04-22 01:48:00,70.79,5.85,105.63,2.06
2025-04-22 01:49:00,76.26,5.12,90.56,2.092
2025-04-22 01:50:00,75.62,5.6,104.14,2.061
2025-04-22 01:51:00,75.74,5.39,98.38,1.88
2025-04-22 01:52:00,74.91,4.77,99.92,1.995
2025-04-22 01:53:00,78.55,5.2,101.76,2.256
2025-04-22 01:54:00,72.92,5.26,101.2,2.119
2025-04-22 01:55:00,75.81,5.25,93.62,2.264
2025-04-22 01:56:00,77.49,5.37,99.81,2.272
2025-04-22 01:57:00,75.55,4.61,109.68,2.172
2025-04-22 01:58:00,75.77,5.48,103.04,1.78
2025-04-22 01:59:00,73.94,5.33,98.1,2.21
2025-04-22 02:00:00,75.16,5.05,92.41,1.862
2025-04-22 02:01:00,77.8,5.58,97.69,2.119
2025-04-22 02:02:00,70.95,5.38,106.06,1.968
2025-04-22 02:03:00,75.6,5.14,102.81,2.263
2025-04-22 02:04:00,74.54,5.53,101.89,2.002
2025-04-22 02:05:00,75.82,5.15,103.13,2.082
2025-04-22 02:06:00,80.43,5.45,93.52,2.405
2025-04-22 02:07:00,74.88,5.42,96.25,2.13
2025-04-22 02:08:00,79.72,4.49,105.95,2.233
2025-04-22 02:09:00,78.75,5.75,105.0,1.987
2025-04-22 02:10:00,76.07,5.44,117.68,2.392
2025-04-22 02:11:00,76.22,5.38,87.54,2.171
2025-04-22 02:12:00,76.45,4.95,97.07,2.263
2025-04-22 02:13:00,73.94,5.47,100.79,1.836
2025-04-22 02:14:00,77.57,4.33,102.87,2.137
2025-04-22 02:15:00,74.47,5.05,100.81,2.114
2025-04-22 02:16:00,76.09,5.04,88.27,2.31
2025-04-22 02:17:00,70.51,5.39,106.51,1.909
2025-04-22 02:18:00,73.84,4.68,101.68,2.002
2025-04-22 02:19:00,77.34,5.12,106.33,2.265
2025-04-22 02:20:00,73.19,5.1,89.33,2.116
2025-04-22 02:21:00,76.83,4.98,93.83,2.073
2025-04-22 02:22:00,74.73,4.8,105.44,2.055
2025-04-22 02:23:00,78.48,5.17,93.76,2.163
2025-04-22 02:24:00,79.14,4.72,110.0,2.151
2025-04-22 02:25:00,76.44,5.01,100.15,2.046
2025-04-22 02:26:00,75.96,4.43,95.57,2.075
2025-04-22 02:27:00,76.1,4.7,91.41,1.986
2025-04-22 02:28:00,75.95,4.86,107.82,2.24
2025-04-22 02:29:00,78.98,5.36,112.68,1.968
2025-04-22 02:30:00,82.26,4.84,108.8,2.104
2025-04-22 02:31:00,72.67,4.76,116.77,2.191
2025-04-22 02:32:00,73.43,4.98,92.92,2.221
2025-04-22 02:33:00,79.41,5.41,101.95,1.953
2025-04-22 02:34:00,73.14,5.69,103.66,2.121
2025-04-22 02:35:00,72.57,5.19,98.34,2.133
2025-04-22 02:36:00,81.29,4.64,94.01,2.181
2025-04-22 02:37:00,75.31,4.61,108.44,1.997
2025-04-22 02:38:00,75.37,5.01,108.03,2.106
2025-04-22 02:39:00,74.73,4.41,114.31,2.087
2025-04-22 02:40:00,77.45,5.17,110.15,2.02
2025-04-22 02:41:00,73.17,5.31,101.53,1.958
2025-04-22 02:42:00,80.44,4.43,106.81,1.939
2025-04-22 02:43:00,77.88,4.94,110.4,1.982
2025-04-22 02:44:00,75.87,5.08,103.73,2.095
2025-04-22 02:45:00,74.62,5.41,97.17,2.13
2025-04-22 02:46:00,76.27,5.3,98.24,2.08
2025-04-22 02:47:00,78.61,4.75,98.43,2.179
2025-04-22 02:48:00,82.54,5.66,99.25,1.993
2025-04-22 02:49:00,79.77,4.75,94.99,2.126
2025-04-22 02:50:00,78.53,5.22,111.18,2.144
2025-04-22 02:51:00,76.11,5.12,95.85,2.058
2025-04-22 02:52:00,79.08,5.3,101.87,2.092
2025-04-22 02:53:00,75.13,5.21,112.85,2.196
2025-04-22 02:54:00,76.83,5.6,104.8,2.041
2025-04-22 02:55:00,78.93,4.94,100.35,1.95
2025-04-22 02:56:00,77.52,4.72,94.91,1.88
2025-04-22 02:57:00,74.34,5.73,98.91,2.021
2025-04-22 02:58:00,72.17,5.34,102.7,2.301
2025-04-22 02:59:00,77.25,4.69,98.18,2.12
2025-04-22 03:00:00,76.34,4.4,103.47,2.215
2025-04-22 03:01:00,78.32,5.39,104.35,1.896
2025-04-22 03:02:00,76.14,4.89,92.76,2.259
2025-04-22 03:03:00,75.05,5.9,102.66,2.211
2025-04-22 03:04:00,78.63,5.33,111.11,2.243
2025-04-22 03:05:00,78.49,5.19,95.14,2.126
2025-04-22 03:06:00,70.73,5.46,104.25,2.078
2025-04-22 03:07:00,72.2,5.69,105.96,2.017
2025-04-22 03:08:00,76.32,4.67,98.64,1.951
2025-04-22 03:09:00,75.84,4.73,107.18,2.026
2025-04-22 03:10:00,75.53,4.91,111.13,2.16
2025-04-22 03:11:00,78.06,5.33,103.4,2.188
2025-04-22 03:12:00,81.04,4.68,99.81,2.205
2025-04-22 03:13:00,73.42,5.11,100.78,2.216
2025-04-22 03:14:00,75.83,4.42,113.53,2.247
2025-04-22 03:15:00,75.94,5.18,108.86,2.197
2025-04-22 03:16:00,76.51,5.24,108.73,2.177
2025-04-22 03:17:00,72.94,4.81,103.76,2.132
2025-04-22 03:18:00,77.17,5.09,98.74,2.14
2025-04-22 03:19:00,76.09,5.35,106.93,2.228
2025-04-22 03:20:00,81.1,4.78,98.41,2.237
2025-04-22 03:21:00,76.96,5.3,102.74,2.252
2025-04-22 03:22:00,74.25,5.6,98.7,2.12
2025-04-22 03:23:00,72.26,5.58,100.41,1.852
2025-04-22 03:24:00,75.76,4.72,96.04,2.11
2025-04-22 03:25:00,74.13,5.12,99.39,1.99
2025-04-22 03:26:00,74.94,4.95,103.37,1.94
2025-04-22 03:27:00,76.86,5.07,109.68,2.087
2025-04-22 03:28:00,76.59,5.42,106.37,2.128
2025-04-22 03:29:00,76.48,3.99,96.68,2.052
2025-04-22 03:30:00,79.48,4.83,97.06,2.0
2025-04-22 03:31:00,77.02,4.9,111.53,2.319
2025-04-22 03:32:00,82.78,5.35,99.85,2.113
2025-04-22 03:33:00,76.4,5.83,103.45,2.069
2025-04-22 03:34:00,74.98,5.29,107.5,1.943
2025-04-22 03:35:00,72.26,5.49,104.74,2.181
2025-04-22 03:36:00,72.71,5.31,96.68,2.077
2025-04-22 03:37:00,78.27,5.52,101.7,2.068
2025-04-22 03:38:00,77.62,5.08,98.71,2.179
2025-04-22 03:39:00,75.78,5.2,94.53,1.735
2025-04-22 03:40:00,75.44,5.66,99.9,2.134
2025-04-22 03:41:00,73.78,5.58,106.26,1.904
2025-04-22 03:42:00,75.58,5.71,101.1,2.121
2025-04-22 03:43:00,76.31,5.03,91.77,2.131
2025-04-22 03:44:00,70.96,4.89,101.77,1.896
2025-04-22 03:45:00,77.81,5.21,97.65,2.159
2025-04-22 03:46:00,70.93,4.55,111.11,2.137
2025-04-22 03:47:00,76.84,4.34,98.58,2.027
2025-04-22 03:48:00,75.89,5.28,103.54,2.203
2025-04-22 03:49:00,76.73,5.37,95.35,2.037
2025-04-22 03:50:00,74.38,5.02,105.46,2.037
2025-04-22 03:51:00,80.23,4.49,95.2,1.957
2025-04-22 03:52:00,77.8,5.73,104.96,2.057
2025-04-22 03:53:00,77.59,4.68,97.92,2.223
2025-04-22 03:54:00,75.55,5.48,108.14,1.852
2025-04-22 03:55:00,75.81,5.13,110.16,2.083
2025-04-22 03:56:00,78.21,5.06,100.92,2.054
2025-04-22 03:57:00,79.26,5.57,103.63,2.05
2025-04-22 03:58:00,79.5,5.2,106.94,2.09
2025-04-22 03:59:00,75.88,5.78,106.95,2.061
2025-04-22 04:00:00,76.14,4.34,102.05,1.965
2025-04-22 04:01:00,76.83,5.07,107.15,2.131
2025-04-22 04:02:00,75.35,5.21,107.15,1.956
2025-04-22 04:03:00,74.23,5.09,101.92,1.969
2025-04-22 04:04:00,76.42,5.65,93.39,2.014
2025-04-22 04:05:00,77.18,5.51,111.52,2.016
2025-04-22 04:06:00,77.31,5.17,99.2,1.981
2025-04-22 04:07:00,75.81,4.72,108.01,2.233
2025-04-22 04:08:00,74.35,5.33,95.34,2.185
2025-04-22 04:09:00,77.25,5.1,95.85,2.101
2025-04-22 04:10:00,77.0,4.66,100.98,2.211
2025-04-22 04:11:00,73.7,4.65,99.06,2.049
2025-04-22 04:12:00,78.37,5.4,109.94,2.226
2025-04-22 04:13:00,77.9,4.8,97.57,2.244
2025-04-22 04:14:00,75.9,5.5,100.4,2.065
2025-04-22 04:15:00,72.86,5.21,95.5,2.08
2025-04-22 04:16:00,72.96,4.87,108.67,1.955
2025-04-22 04:17:00,77.09,4.97,104.18,1.978
2025-04-22 04:18:00,74.69,5.62,110.44,2.261
2025-04-22 04:19:00,75.31,4.2,101.83,2.107
2025-04-22 04:20:00,73.18,5.17,96.13,2.259
2025-04-22 04:21:00,78.06,5.19,104.32,2.077
2025-04-22 04:22:00,71.27,5.76,100.04,1.948
2025-04-22 04:23:00,75.88,4.76,106.31,2.139
2025-04-22 04:24:00,76.89,5.28,85.87,2.102
2025-04-22 04:25:00,77.53,5.32,95.24,2.165
2025-04-22 04:26:00,77.21,4.77,100.17,2.171
2025-04-22 04:27:00,72.95,4.73,96.95,1.905
2025-04-22 04:28:00,74.97,4.95,107.24,2.116
2025-04-22 04:29:00,74.14,5.42,89.41,2.24
2025-04-22 04:30:00,73.07,5.14,102.84,1.961
2025-04-22 04:31:00,71.6,5.03,103.51,1.952
2025-04-22 04:32:00,77.2,5.23,106.57,2.023
2025-04-22 04:33:00,78.95,5.35,97.68,2.159
2025-04-22 04:34:00,74.57,5.52,110.7,2.08
2025-04-22 04:35:00,77.92,4.9,103.28,2.2
2025-04-22 04:36:00,77.34,5.05,106.65,2.111
2025-04-22 04:37:00,73.74,5.32,100.31,2.098
2025-04-22 04:38:00,75.71,5.62,113.67,2.166
2025-04-22 04:39:00,76.1,5.61,97.61,2.018
2025-04-22 04:40:00,77.85,6.06,95.32,2.149
2025-04-22 04:41:00,76.27,4.72,88.88,2.2
2025-04-22 04:42:00,71.64,5.37,105.33,2.322
2025-04-22 04:43:00,80.58,4.48,105.41,1.887
2025-04-22 04:44:00,76.97,5.03,97.74,2.158
2025-04-22 04:45:00,73.51,5.37,103.06,2.019
2025-04-22 04:46:00,72.16,5.39,108.41,2.213
2025-04-22 04:47:00,73.82,4.82,97.51,2.13
2025-04-22 04:48:00,75.12,4.96,97.32,2.014
2025-04-22 04:49:00,74.3,5.04,83.8,2.179
2025-04-22 04:50:00,74.81,5.26,94.86,2.161
2025-04-22 04:51:00,73.45,4.68,104.1,2.266
2025-04-22 04:52:00,77.39,5.55,106.82,2.117
2025-04-22 04:53:00,73.38,4.58,104.28,2.263
2025-04-22 04:54:00,77.35,4.9,97.41,2.053
2025-04-22 04:55:00,77.7,5.26,92.46,2.16
2025-04-22 04:56:00,72.24,5.15,97.93,2.052
2025-04-22 04:57:00,74.82,4.64,100.2,1.977
2025-04-22 04:58:00,78.27,5.41,100.09,2.111
2025-04-22 04:59:00,76.39,5.79,107.4,2.056
2025-04-22 05:00:00,78.17,6.18,95.84,2.167
2025-04-22 05:01:00,78.71,4.87,97.29,2.075
2025-04-22 05:02:00,73.18,5.18,95.22,1.817
2025-04-22 05:03:00,74.91,5.45,93.08,2.254
2025-04-22 05:04:00,76.72,4.62,106.47,2.29
2025-04-22 05:05:00,75.29,5.08,97.26,2.103
2025-04-22 05:06:00,76.83,5.72,95.07,2.057
2025-04-22 05:07:00,79.66,4.81,98.01,2.109
2025-04-22 05:08:00,75.49,4.7,98.23,2.002
2025-04-22 05:09:00,76.53,5.27,105.54,2.162
2025-04-22 05:10:00,75.67,5.06,101.42,2.116
2025-04-22 05:11:00,70.84,4.78,108.46,2.252
2025-04-22 05:12:00,73.88,5.13,99.55,2.041
2025-04-22 05:13:00,75.44,4.97,103.23,2.094
2025-04-22 05:14:00,74.82,4.37,104.1,1.954
2025-04-22 05:15:00,77.96,4.63,94.63,1.869
2025-04-22 05:16:00,78.67,4.78,100.29,2.093
2025-04-22 05:17:00,74.24,5.42,109.1,2.101
2025-04-22 05:18:00,78.64,4.96,102.43,2.119
2025-04-22 05:19:00,74.66,5.44,103.97,1.95
2025-04-22 05:20:00,76.73,5.07,98.76,2.026
2025-04-22 05:21:00,74.98,4.87,107.43,1.951
2025-04-22 05:22:00,72.6,5.1,111.83,2.194
2025-04-22 05:23:00,74.01,5.4,97.81,2.184
2025-04-22 05:24:00,71.84,5.0,98.25,2.053
2025-04-22 05:25:00,77.99,5.08,99.42,2.007
2025-04-22 05:26:00,79.37,4.76,95.52,1.933
2025-04-22 05:27:00,78.24,4.87,100.43,2.146
2025-04-22 05:28:00,75.2,4.71,105.35,2.105
2025-04-22 05:29:00,77.73,5.43,85.58,2.037
2025-04-22 05:30:00,71.1,5.2,106.97,2.166
2025-04-22 05:31:00,78.56,5.08,102.3,2.07
2025-04-22 05:32:00,80.63,4.79,106.32,1.965
2025-04-22 05:33:00,77.66,5.52,97.19,2.29
2025-04-22 05:34:00,74.72,5.36,105.08,2.33
2025-04-22 05:35:00,78.08,5.45,93.84,2.182
2025-04-22 05:36:00,76.14,5.55,112.86,2.243
2025-04-22 05:37:00,73.39,4.77,116.75,2.109
2025-04-22 05:38:00,72.6,5.11,94.69,2.306
2025-04-22 05:39:00,75.42,5.0,101.23,2.18
2025-04-22 05:40:00,76.05,5.69,91.75,2.209
2025-04-22 05:41:00,69.55,4.94,90.99,2.006
2025-04-22 05:42:00,83.27,5.19,109.35,2.252
2025-04-22 05:43:00,74.89,5.15,95.15,2.297
2025-04-22 05:44:00,79.24,4.6,102.37,2.304
2025-04-22 05:45:00,76.06,4.68,100.82,2.133
2025-04-22 05:46:00,79.17,4.87,95.08,2.455
2025-04-22 05:47:00,81.54,4.8,106.85,2.098
2025-04-22 05:48:00,74.63,5.44,105.89,1.993
2025-04-22 05:49:00,75.14,4.68,95.23,2.235
2025-04-22 05:50:00,77.48,5.28,105.68,2.115
2025-04-22 05:51:00,78.45,5.49,102.71,1.975
2025-04-22 05:52:00,76.54,4.88,116.67,2.168
2025-04-22 05:53:00,75.59,5.06,96.57,2.075
2025-04-22 05:54:00,72.5,5.76,110.9,2.16
2025-04-22 05:55:00,76.22,5.27,97.96,2.226
2025-04-22 05:56:00,73.42,5.5,93.35,2.418
2025-04-22 05:57:00,76.0,4.89,101.84,2.02
2025-04-22 05:58:00,79.03,5.23,105.57,2.155
2025-04-22 05:59:00,76.96,5.13,98.37,2.207
2025-04-22 06:00:00,76.87,5.0,98.85,2.135
2025-04-22 06:01:00,72.12,4.71,105.96,2.242
2025-04-22 06:02:00,77.2,4.95,105.94,2.143
2025-04-22 06:03:00,74.66,5.21,98.37,2.241
2025-04-22 06:04:00,71.13,5.37,96.59,1.917
2025-04-22 06:05:00,79.31,5.19,102.35,2.139
2025-04-22 06:06:00,75.36,4.87,96.33,2.119
2025-04-22 06:07:00,76.1,5.37,105.39,1.927
2025-04-22 06:08:00,77.18,4.98,102.12,2.351
2025-04-22 06:09:00,79.15,5.51,100.52,2.286
2025-04-22 06:10:00,74.11,5.34,103.71,2.081
2025-04-22 06:11:00,79.65,5.18,95.05,1.914
2025-04-22 06:12:00,75.89,5.13,105.71,2.19
2025-04-22 06:13:00,73.99,5.18,90.01,2.196
2025-04-22 06:14:00,76.27,5.24,86.57,2.082
2025-04-22 06:15:00,74.41,5.21,98.14,2.122
2025-04-22 06:16:00,75.74,4.82,97.89,1.999
2025-04-22 06:17:00,79.76,5.4,95.84,2.172
2025-04-22 06:18:00,71.27,5.24,98.55,2.126
2025-04-22 06:19:00,76.16,5.1,100.51,2.27
2025-04-22 06:20:00,75.96,4.84,95.52,2.19
2025-04-22 06:21:00,75.21,4.78,104.69,2.089
2025-04-22 06:22:00,74.83,5.2,103.7,2.109
2025-04-22 06:23:00,77.7,5.08,97.63,2.098
2025-04-22 06:24:00,74.48,4.79,102.14,2.141
2025-04-22 06:25:00,68.76,5.23,100.51,2.069
2025-04-22 06:26:00,72.23,5.17,105.35,2.201
2025-04-22 06:27:00,75.23,5.47,93.8,2.152
2025-04-22 06:28:00,78.26,4.79,105.59,2.106
2025-04-22 06:29:00,77.39,5.34,103.88,2.075
2025-04-22 06:30:00,70.6,4.85,98.55,2.052
2025-04-22 06:31:00,77.38,5.64,98.25,1.96
2025-04-22 06:32:00,76.27,5.42,113.27,2.104
2025-04-22 06:33:00,74.68,5.02,99.24,2.161
2025-04-22 06:34:00,74.72,5.0,108.11,1.947
2025-04-22 06:35:00,77.46,4.82,104.28,2.008
2025-04-22 06:36:00,76.73,5.67,103.46,1.988
2025-04-22 06:37:00,73.47,5.77,106.01,2.053
2025-04-22 06:38:00,73.28,4.24,103.65,2.072
2025-04-22 06:39:00,76.28,5.5,100.33,2.206
2025-04-22 06:40:00,80.63,4.81,99.41,2.037
2025-04-22 06:41:00,78.63,5.32,98.23,2.005
2025-04-22 06:42:00,77.49,5.1,95.44,1.87
2025-04-22 06:43:00,73.33,4.88,99.27,2.11
2025-04-22 06:44:00,73.96,5.08,104.59,2.202
2025-04-22 06:45:00,77.65,5.3,90.99,2.187
2025-04-22 06:46:00,78.0,5.27,104.98,2.203
2025-04-22 06:47:00,73.98,5.29,112.62,2.11
2025-04-22 06:48:00,75.58,4.48,100.7,2.116
2025-04-22 06:49:00,73.9,5.64,94.09,2.104
2025-04-22 06:50:00,74.55,5.37,108.56,1.846
2025-04-22 06:51:00,78.51,5.11,110.82,2.057
2025-04-22 06:52:00,75.29,5.04,106.32,2.276
2025-04-22 06:53:00,73.68,5.77,99.71,2.396
2025-04-22 06:54:00,72.29,4.9,106.24,2.169
2025-04-22 06:55:00,75.63,5.3,110.63,1.873
2025-04-22 06:56:00,75.23,4.72,91.31,2.082
2025-04-22 06:57:00,79.61,5.33,108.02,2.223
2025-04-22 06:58:00,73.87,4.44,107.54,2.421
2025-04-22 06:59:00,73.61,4.81,102.12,2.168
2025-04-22 07:00:00,77.57,5.36,93.76,2.05
2025-04-22 07:01:00,76.54,5.28,106.37,1.838
2025-04-22 07:02:00,75.99,5.35,107.38,2.017
2025-04-22 07:03:00,76.4,5.41,94.72,2.192
2025-04-22 07:04:00,74.85,4.76,101.82,2.287
2025-04-22 07:05:00,76.19,5.31,97.53,1.954
2025-04-22 07:06:00,77.91,5.55,94.57,2.283
2025-04-22 07:07:00,73.2,5.4,111.89,1.932
2025-04-22 07:08:00,78.22,5.19,99.98,1.93
2025-04-22 07:09:00,78.67,4.77,114.71,2.222
2025-04-22 07:10:00,74.7,5.24,109.77,2.05
2025-04-22 07:11:00,83.24,4.79,96.49,2.123
2025-04-22 07:12:00,80.72,5.35,110.22,2.333
2025-04-22 07:13:00,71.74,4.69,93.03,2.201
2025-04-22 07:14:00,78.55,4.82,98.04,2.235
2025-04-22 07:15:00,77.88,4.94,100.21,2.214
2025-04-22 07:16:00,73.29,5.51,99.35,2.081
2025-04-22 07:17:00,77.29,4.6,103.36,1.886
2025-04-22 07:18:00,74.82,4.7,98.38,2.144
2025-04-22 07:19:00,78.24,5.01,96.23,2.226
2025-04-22 07:20:00,73.57,5.36,104.16,1.999
2025-04-22 07:21:00,73.53,6.0,105.53,2.156
2025-04-22 07:22:00,80.72,4.9,105.18,2.279
2025-04-22 07:23:00,76.1,5.32,106.95,2.055
2025-04-22 07:24:00,77.94,4.8,110.44,1.818
2025-04-22 07:25:00,78.47,4.32,97.1,1.965
2025-04-22 07:26:00,75.67,5.09,100.18,1.973
2025-04-22 07:27:00,74.96,4.53,111.7,1.945
2025-04-22 07:28:00,77.28,5.38,103.5,1.875
2025-04-22 07:29:00,80.47,5.36,101.78,2.227
2025-04-22 07:30:00,76.4,4.93,95.99,2.215
2025-04-22 07:31:00,77.07,5.69,90.62,1.906
2025-04-22 07:32:00,75.54,4.71,107.18,2.233
2025-04-22 07:33:00,76.87,5.0,107.13,2.063
2025-04-22 07:34:00,74.76,4.58,108.81,2.186
2025-04-22 07:35:00,76.93,5.05,103.7,2.073
2025-04-22 07:36:00,78.48,4.99,100.58,2.214
2025-04-22 07:37:00,79.6,5.12,100.19,2.164
2025-04-22 07:38:00,78.37,4.54,110.74,2.011
2025-04-22 07:39:00,77.17,5.6,97.4,1.876
2025-04-22 07:40:00,80.96,5.51,108.15,1.909
2025-04-22 07:41:00,75.86,5.17,103.37,2.207
2025-04-22 07:42:00,75.57,4.83,107.03,1.929
2025-04-22 07:43:00,71.45,5.27,95.7,2.069
2025-04-22 07:44:00,76.83,4.84,94.8,2.092
2025-04-22 07:45:00,77.7,5.41,99.21,2.223
2025-04-22 07:46:00,78.82,4.41,97.57,2.062
2025-04-22 07:47:00,75.74,5.12,102.0,1.991
2025-04-22 07:48:00,81.83,5.0,106.28,1.988
2025-04-22 07:49:00,78.24,5.26,109.52,2.197
2025-04-22 07:50:00,73.36,4.94,93.37,2.037
2025-04-22 07:51:00,77.01,4.56,94.99,2.034
2025-04-22 07:52:00,75.99,4.54,88.26,2.208
2025-04-22 07:53:00,79.36,5.19,100.09,2.374
2025-04-22 07:54:00,76.14,4.99,98.36,2.043
2025-04-22 07:55:00,73.94,5.32,100.36,2.033
2025-04-22 07:56:00,76.81,5.27,103.3,2.064
2025-04-22 07:57:00,74.67,5.63,107.93,2.142
2025-04-22 07:58:00,71.64,5.54,103.28,1.93
2025-04-22 07:59:00,73.91,5.14,100.14,2.213
2025-04-22 08:00:00,76.4,4.52,96.55,1.947
2025-04-22 08:01:00,74.66,4.74,95.47,2.272
2025-04-22 08:02:00,79.28,5.48,104.02,2.101
2025-04-22 08:03:00,72.71,4.95,98.44,2.167
2025-04-22 08:04:00,74.08,4.71,96.99,2.34
2025-04-22 08:05:00,73.51,4.87,98.89,2.01
2025-04-22 08:06:00,76.43,4.94,99.43,2.083
2025-04-22 08:07:00,79.47,5.5,101.77,1.961
2025-04-22 08:08:00,76.06,5.24,101.92,2.025
2025-04-22 08:09:00,75.52,4.64,103.04,1.959
2025-04-22 08:10:00,79.14,5.57,105.36,2.172
2025-04-22 08:11:00,81.8,4.76,98.12,2.003
2025-04-22 08:12:00,77.0,5.29,96.46,1.979
2025-04-22 08:13:00,71.17,5.07,97.07,1.995
2025-04-22 08:14:00,72.87,5.27,103.64,1.947
2025-04-22 08:15:00,77.37,4.68,98.32,2.144
2025-04-22 08:16:00,76.95,5.05,101.67,2.194
2025-04-22 08:17:00,70.68,5.04,102.01,2.225
2025-04-22 08:18:00,77.3,5.25,107.9,1.879
2025-04-22 08:19:00,77.61,5.34,90.44,2.166
2025-04-22 08:20:00,72.65,4.46,109.54,2.184
2025-04-22 08:21:00,80.1,4.93,98.66,2.18
2025-04-22 08:22:00,76.44,5.24,113.99,2.096
2025-04-22 08:23:00,77.41,4.61,98.34,2.304
2025-04-22 08:24:00,74.65,4.8,97.77,1.865
2025-04-22 08:25:00,80.29,5.25,99.25,2.0
2025-04-22 08:26:00,81.9,5.28,109.44,2.136
2025-04-22 08:27:00,76.51,5.13,98.9,1.975
2025-04-22 08:28:00,79.83,5.13,96.36,2.029
2025-04-22 08:29:00,73.26,5.21,94.23,2.25
2025-04-22 08:30:00,76.19,5.07,108.57,2.014
2025-04-22 08:31:00,73.71,5.12,101.4,2.081
2025-04-22 08:32:00,75.63,5.22,104.1,1.988
2025-04-22 08:33:00,73.77,4.99,85.83,1.915
2025-04-22 08:34:00,75.32,5.18,96.63,2.277
2025-04-22 08:35:00,77.71,5.6,100.87,2.181
2025-04-22 08:36:00,71.97,4.37,99.39,2.227
2025-04-22 08:37:00,72.92,5.37,99.24,2.12
2025-04-22 08:38:00,75.04,4.48,101.94,2.049
2025-04-22 08:39:00,77.59,4.7,98.44,1.98
2025-04-22 08:40:00,80.43,5.68,103.73,2.251
2025-04-22 08:41:00,75.1,4.91,107.63,1.982
2025-04-22 08:42:00,75.9,5.17,104.38,1.945
2025-04-22 08:43:00,74.88,5.26,105.87,2.238
2025-04-22 08:44:00,74.53,5.32,88.66,2.181
2025-04-22 08:45:00,76.39,4.58,103.97,2.217
2025-04-22 08:46:00,74.85,5.07,107.07,1.939
2025-04-22 08:47:00,78.01,4.87,105.46,2.018
2025-04-22 08:48:00,75.52,5.26,110.06,2.14
2025-04-22 08:49:00,77.56,5.15,100.4,2.017
2025-04-22 08:50:00,78.73,5.55,108.37,1.949
2025-04-22 08:51:00,77.89,4.91,95.62,2.217
2025-04-22 08:52:00,74.17,5.2,99.82,2.123
2025-04-22 08:53:00,77.14,4.85,103.43,2.157
2025-04-22 08:54:00,77.8,5.27,96.58,2.071
2025-04-22 08:55:00,75.54,5.46,100.52,2.445
2025-04-22 08:56:00,79.75,4.97,106.51,1.857
2025-04-22 08:57:00,75.66,4.43,108.37,2.359
2025-04-22 08:58:00,74.73,5.18,102.89,1.862
2025-04-22 08:59:00,74.48,4.4,109.54,2.123
2025-04-22 09:00:00,76.74,5.17,97.47,1.936
2025-04-22 09:01:00,77.85,4.96,101.71,2.235
2025-04-22 09:02:00,75.52,5.2,111.86,2.165
2025-04-22 09:03:00,78.63,5.45,104.18,2.053
2025-04-22 09:04:00,80.9,4.77,106.19,2.207
2025-04-22 09:05:00,74.0,4.49,101.76,2.031
2025-04-22 09:06:00,77.76,5.14,103.99,2.153
2025-04-22 09:07:00,79.58,5.76,106.43,2.021
2025-04-22 09:08:00,74.65,4.7,106.31,2.255
2025-04-22 09:09:00,72.94,4.62,108.07,2.121
2025-04-22 09:10:00,77.52,4.95,98.7,2.009
2025-04-22 09:11:00,77.07,4.79,95.85,2.167
2025-04-22 09:12:00,74.37,5.16,97.03,2.162
2025-04-22 09:13:00,77.37,5.12,102.12,2.12
2025-04-22 09:14:00,76.91,4.66,94.26,2.057
2025-04-22 09:15:00,75.63,5.79,107.8,1.998
2025-04-22 09:16:00,77.51,4.72,113.04,2.24
2025-04-22 09:17:00,75.34,5.06,98.7,2.151
2025-04-22 09:18:00,77.45,5.11,103.09,1.881
2025-04-22 09:19:00,69.76,5.29,102.5,2.2
2025-04-22 09:20:00,74.9,4.89,102.88,2.036
2025-04-22 09:21:00,76.18,4.91,95.91,2.383
2025-04-22 09:22:00,73.16,5.06,110.93,2.08
2025-04-22 09:23:00,75.39,5.6,100.06,2.016
2025-04-22 09:24:00,74.49,5.06,104.64,2.068
2025-04-22 09:25:00,76.12,5.44,104.93,2.163
2025-04-22 09:26:00,72.76,4.76,101.36,2.055
2025-04-22 09:27:00,72.72,5.23,107.86,2.153
2025-04-22 09:28:00,73.2,5.18,99.26,2.141
2025-04-22 09:29:00,73.49,5.21,102.69,1.926
2025-04-22 09:30:00,73.15,5.87,101.34,2.199
2025-04-22 09:31:00,75.79,5.34,104.44,2.001
2025-04-22 09:32:00,80.68,4.98,111.71,1.914
2025-04-22 09:33:00,78.14,4.61,97.02,2.206
2025-04-22 09:34:00,71.98,5.4,100.27,2.087
2025-04-22 09:35:00,79.15,5.44,98.1,1.933
2025-04-22 09:36:00,77.66,4.91,100.84,2.236
2025-04-22 09:37:00,75.71,4.41,98.13,2.062
2025-04-22 09:38:00,73.22,5.47,105.63,1.949
2025-04-22 09:39:00,80.03,5.1,110.61,2.037
2025-04-22 09:40:00,73.57,5.21,92.32,1.946
2025-04-22 09:41:00,75.17,4.67,110.76,2.04
2025-04-22 09:42:00,80.2,5.15,106.78,2.054
2025-04-22 09:43:00,76.8,5.11,102.73,2.078
2025-04-22 09:44:00,77.82,5.28,94.63,1.866
2025-04-22 09:45:00,76.0,4.78,98.0,2.282
2025-04-22 09:46:00,75.62,5.59,96.18,2.203
2025-04-22 09:47:00,76.32,4.79,104.08,2.059
2025-04-22 09:48:00,79.35,5.2,101.26,2.153
2025-04-22 09:49:00,76.1,4.88,101.8,2.107
2025-04-22 09:50:00,77.66,4.92,107.72,2.14
2025-04-22 09:51:00,72.81,4.73,91.04,1.932
2025-04-22 09:52:00,77.33,5.24,101.05,2.118
2025-04-22 09:53:00,76.92,5.26,95.24,2.163
2025-04-22 09:54:00,76.34,5.12,92.41,1.884
2025-04-22 09:55:00,79.02,5.37,96.21,2.203
2025-04-22 09:56:00,79.79,5.29,104.18,2.082
2025-04-22 09:57:00,78.67,5.05,102.62,1.848
2025-04-22 09:58:00,76.43,5.5,105.56,2.047
2025-04-22 09:59:00,76.63,5.07,103.82,2.077
2025-04-22 10:00:00,76.62,5.4,100.15,2.116
2025-04-22 10:01:00,78.37,5.01,95.85,2.352
2025-04-22 10:02:00,73.53,5.01,99.75,2.19
2025-04-22 10:03:00,71.98,5.54,100.82,2.048
2025-04-22 10:04:00,78.86,4.76,103.35,2.291
2025-04-22 10:05:00,72.26,4.91,103.87,2.149
2025-04-22 10:06:00,70.86,4.42,101.31,1.998
2025-04-22 10:07:00,79.73,4.81,104.89,2.173
2025-04-22 10:08:00,74.49,4.75,96.93,2.301
2025-04-22 10:09:00,71.76,4.81,114.15,2.117
2025-04-22 10:10:00,78.74,5.04,106.72,2.373
2025-04-22 10:11:00,75.85,4.92,98.78,2.13
2025-04-22 10:12:00,75.19,5.42,99.32,2.172
2025-04-22 10:13:00,75.51,5.87,107.95,2.182
2025-04-22 10:14:00,75.93,4.85,106.88,1.875
2025-04-22 10:15:00,76.88,5.44,108.0,2.237
2025-04-22 10:16:00,74.6,5.17,103.58,2.187
2025-04-22 10:17:00,76.52,4.87,96.72,1.807
2025-04-22 10:18:00,75.99,5.02,94.48,1.99
2025-04-22 10:19:00,69.98,4.83,103.19,2.121
2025-04-22 10:20:00,72.36,4.89,110.04,2.319
2025-04-22 10:21:00,73.44,5.8,96.69,2.107
2025-04-22 10:22:00,75.43,5.31,99.79,2.115
2025-04-22 10:23:00,77.05,4.69,95.74,2.219
2025-04-22 10:24:00,80.57,4.9,105.09,2.041
2025-04-22 10:25:00,72.92,5.21,95.61,2.053
2025-04-22 10:26:00,76.66,4.68,97.05,2.086
2025-04-22 10:27:00,77.3,4.95,88.61,2.115
2025-04-22 10:28:00,78.51,5.06,94.7,2.056
2025-04-22 10:29:00,75.47,5.43,100.79,2.469
2025-04-22 10:30:00,76.8,5.2,100.35,2.34
2025-04-22 10:31:00,76.6,5.8,101.05,2.06
2025-04-22 10:32:00,77.58,4.23,97.33,2.115
2025-04-22 10:33:00,77.41,4.62,101.89,2.029
2025-04-22 10:34:00,68.6,5.02,103.51,2.015
2025-04-22 10:35:00,75.29,5.11,102.87,1.979
2025-04-22 10:36:00,76.67,4.77,100.76,2.067
2025-04-22 10:37:00,71.89,4.74,100.09,2.182
2025-04-22 10:38:00,79.63,5.33,109.32,2.0
2025-04-22 10:39:00,74.99,5.22,110.28,2.183
2025-04-22 10:40:00,78.79,5.39,109.58,1.994
2025-04-22 10:41:00,73.26,5.56,98.24,2.229
2025-04-22 10:42:00,75.7,5.02,95.41,1.907
2025-04-22 10:43:00,76.13,4.8,105.36,2.119
2025-04-22 10:44:00,74.69,5.18,107.39,2.137
2025-04-22 10:45:00,73.95,5.44,108.82,2.135
2025-04-22 10:46:00,77.13,5.24,107.91,1.974
2025-04-22 10:47:00,76.63,4.53,93.98,2.16
2025-04-22 10:48:00,75.17,4.99,93.83,2.07
2025-04-22 10:49:00,78.61,4.91,98.0,2.163
2025-04-22 10:50:00,77.16,4.88,112.97,2.054
2025-04-22 10:51:00,75.07,4.56,103.26,1.948
2025-04-22 10:52:00,72.3,5.2,100.59,2.166
2025-04-22 10:53:00,78.47,5.5,100.66,2.172
2025-04-22 10:54:00,76.17,5.19,100.83,1.886
2025-04-22 10:55:00,73.75,4.78,106.14,2.17
2025-04-22 10:56:00,71.73,5.49,91.64,2.055
2025-04-22 10:57:00,80.01,4.85,104.53,2.082
2025-04-22 10:58:00,76.45,5.06,99.03,2.148
2025-04-22 10:59:00,73.96,5.36,107.82,2.208
2025-04-22 11:00:00,75.34,5.12,94.45,2.1
2025-04-22 11:01:00,71.25,5.01,95.27,2.06
2025-04-22 11:02:00,78.44,5.1,105.7,2.058
2025-04-22 11:03:00,76.47,5.06,103.4,1.946
2025-04-22 11:04:00,78.07,4.95,101.39,2.157
2025-04-22 11:05:00,71.64,5.45,110.84,2.043
2025-04-22 11:06:00,76.82,5.04,108.82,2.036
2025-04-22 11:07:00,75.05,4.91,106.49,2.167
2025-04-22 11:08:00,77.35,5.02,90.01,2.134
2025-04-22 11:09:00,76.22,5.46,93.6,2.019
2025-04-22 11:10:00,75.17,4.89,113.96,2.178
2025-04-22 11:11:00,73.85,5.19,101.55,2.079
2025-04-22 11:12:00,74.73,5.33,101.0,1.954
2025-04-22 11:13:00,72.59,4.96,97.45,2.005
2025-04-22 11:14:00,75.58,4.89,103.92,2.107
2025-04-22 11:15:00,80.88,4.85,104.27,2.004
2025-04-22 11:16:00,78.17,5.02,107.8,2.117
2025-04-22 11:17:00,78.4,5.12,91.85,2.149
2025-04-22 11:18:00,76.84,5.52,102.78,2.126
2025-04-22 11:19:00,77.62,5.09,105.57,2.12
2025-04-22 11:20:00,75.89,5.44,101.47,2.102
2025-04-22 11:21:00,73.45,5.26,99.49,2.152
2025-04-22 11:22:00,73.79,4.94,95.5,2.357
2025-04-22 11:23:00,78.72,5.39,102.4,2.169
2025-04-22 11:24:00,74.48,4.93,102.28,2.127
2025-04-22 11:25:00,75.87,5.16,108.81,2.112
2025-04-22 11:26:00,78.06,5.18,101.03,2.153
2025-04-22 11:27:00,74.98,5.11,108.71,2.237
2025-04-22 11:28:00,77.15,4.98,106.0,2.073
2025-04-22 11:29:00,73.38,5.58,101.34,2.071
2025-04-22 11:30:00,75.14,5.34,110.6,2.051
2025-04-22 11:31:00,74.61,5.43,105.45,2.206
2025-04-22 11:32:00,77.6,4.73,101.37,2.325
2025-04-22 11:33:00,77.37,5.33,100.76,2.069
2025-04-22 11:34:00,77.26,5.02,91.07,2.111
2025-04-22 11:35:00,75.86,5.35,105.65,1.961
2025-04-22 11:36:00,77.23,5.95,99.59,2.107
2025-04-22 11:37:00,74.38,5.14,93.32,1.875
2025-04-22 11:38:00,74.94,5.13,95.05,2.127
2025-04-22 11:39:00,77.73,4.54,100.83,1.996
2025-04-22 11:40:00,75.7,5.55,96.81,2.233
2025-04-22 11:41:00,73.88,4.64,107.52,2.042
2025-04-22 11:42:00,75.99,4.62,105.12,2.049
2025-04-22 11:43:00,79.52,5.32,98.17,2.233
2025-04-22 11:44:00,75.36,4.67,103.78,2.085
2025-04-22 11:45:00,76.04,5.39,109.53,2.169
2025-04-22 11:46:00,77.9,4.77,101.32,2.291
2025-04-22 11:47:00,78.83,5.02,101.72,2.236
2025-04-22 11:48:00,76.97,5.57,93.85,1.885
2025-04-22 11:49:00,75.08,5.15,104.55,2.234
2025-04-22 11:50:00,78.15,4.76,101.18,2.353
2025-04-22 11:51:00,74.39,5.38,93.05,2.093
2025-04-22 11:52:00,81.23,4.75,100.35,2.182
2025-04-22 11:53:00,74.03,5.49,100.52,2.028
2025-04-22 11:54:00,78.02,5.56,105.63,2.177
2025-04-22 11:55:00,73.81,5.11,100.68,2.128
2025-04-22 11:56:00,79.27,4.85,99.54,2.051
2025-04-22 11:57:00,69.99,5.12,95.56,1.968
2025-04-22 11:58:00,74.15,4.69,99.95,2.311
2025-04-22 11:59:00,71.46,5.44,102.89,2.09
2025-04-22 12:00:00,73.17,4.79,101.36,2.258
2025-04-22 12:01:00,77.19,4.99,96.0,2.256
2025-04-22 12:02:00,80.42,5.37,98.8,2.195
2025-04-22 12:03:00,73.99,4.83,103.73,2.062
2025-04-22 12:04:00,75.33,5.54,105.88,2.143
2025-04-22 12:05:00,78.81,4.91,101.25,2.074
2025-04-22 12:06:00,75.34,5.08,109.37,2.047
2025-04-22 12:07:00,76.37,4.75,101.73,2.147
2025-04-22 12:08:00,70.94,5.45,100.96,2.14
2025-04-22 12:09:00,77.37,5.35,99.83,2.218
2025-04-22 12:10:00,73.0,4.99,94.1,2.074
2025-04-22 12:11:00,75.54,5.05,102.9,2.159
2025-04-22 12:12:00,75.9,5.53,114.13,2.102
2025-04-22 12:13:00,72.97,5.25,94.15,2.135
2025-04-22 12:14:00,78.44,5.21,109.49,2.001
2025-04-22 12:15:00,76.96,5.37,88.43,2.267
2025-04-22 12:16:00,76.48,5.25,99.92,2.243
2025-04-22 12:17:00,76.89,5.16,102.7,2.252
2025-04-22 12:18:00,73.59,5.17,103.8,2.196
2025-04-22 12:19:00,71.62,4.46,94.29,2.152
2025-04-22 12:20:00,79.54,4.86,106.33,2.034
2025-04-22 12:21:00,77.64,4.09,102.67,2.015
2025-04-22 12:22:00,81.12,5.35,99.56,2.109
2025-04-22 12:23:00,75.59,4.9,106.52,2.096
2025-04-22 12:24:00,73.92,5.49,102.88,2.124
2025-04-22 12:25:00,74.84,4.47,101.38,2.173
2025-04-22 12:26:00,74.58,4.85,103.86,2.091
2025-04-22 12:27:00,75.73,4.94,96.95,2.289
2025-04-22 12:28:00,72.69,5.39,111.16,2.113
2025-04-22 12:29:00,72.35,5.22,108.3,2.108
2025-04-22 12:30:00,75.59,5.57,99.67,2.064
2025-04-22 12:31:00,77.0,5.41,104.82,2.06
2025-04-22 12:32:00,75.3,4.61,99.68,2.172
2025-04-22 12:33:00,78.7,5.81,102.65,2.101
2025-04-22 12:34:00,76.16,5.65,99.16,2.233
2025-04-22 12:35:00,74.85,5.36,101.23,1.982
2025-04-22 12:36:00,76.53,5.06,98.55,2.112
2025-04-22 12:37:00,76.69,4.75,103.5,2.176
2025-04-22 12:38:00,80.11,4.2,112.45,2.081
2025-04-22 12:39:00,72.58,4.6,109.37,2.143
2025-04-22 12:40:00,78.01,4.23,96.05,1.984
2025-04-22 12:41:00,71.88,5.2,101.02,2.143
2025-04-22 12:42:00,70.48,5.65,98.91,2.021
2025-04-22 12:43:00,71.95,5.3,95.23,2.017
2025-04-22 12:44:00,77.16,5.09,103.52,1.883
2025-04-22 12:45:00,77.45,4.98,99.75,2.148
2025-04-22 12:46:00,78.68,5.55,106.0,2.097
2025-04-22 12:47:00,71.28,5.01,93.05,2.062
2025-04-22 12:48:00,73.7,5.43,110.21,2.264
2025-04-22 12:49:00,73.29,5.08,105.87,2.002
2025-04-22 12:50:00,73.49,5.29,101.03,2.127
2025-04-22 12:51:00,74.09,4.64,107.41,2.23
2025-04-22 12:52:00,73.85,5.32,100.21,2.241
2025-04-22 12:53:00,77.66,5.35,107.09,2.326
2025-04-22 12:54:00,75.29,5.1,105.01,2.215
2025-04-22 12:55:00,75.17,5.37,110.86,1.903
2025-04-22 12:56:00,74.99,4.86,105.56,1.933
2025-04-22 12:57:00,77.14,5.07,105.84,2.12
2025-04-22 12:58:00,77.29,5.23,98.73,2.0
2025-04-22 12:59:00,78.4,5.63,105.45,2.139
2025-04-22 13:00:00,76.84,5.03,101.27,2.161
2025-04-22 13:01:00,78.24,5.26,100.86,2.231
2025-04-22 13:02:00,80.57,5.13,101.92,2.057
2025-04-22 13:03:00,76.22,4.43,100.39,2.031
2025-04-22 13:04:00,73.48,5.21,101.44,2.228
2025-04-22 13:05:00,72.12,5.09,93.23,2.268
2025-04-22 13:06:00,73.45,5.25,107.09,2.098
2025-04-22 13:07:00,76.13,5.16,95.3,1.983
2025-04-22 13:08:00,80.46,5.35,99.48,2.243
2025-04-22 13:09:00,74.86,4.62,106.15,2.122
2025-04-22 13:10:00,80.68,4.59,100.13,2.097
2025-04-22 13:11:00,76.21,4.73,93.82,1.914
2025-04-22 13:12:00,73.26,4.93,106.72,2.249
2025-04-22 13:13:00,73.93,5.09,105.44,2.125
2025-04-22 13:14:00,75.09,5.79,112.93,2.249
2025-04-22 13:15:00,76.07,5.15,95.41,2.141
2025-04-22 13:16:00,75.08,4.64,105.8,1.968
2025-04-22 13:17:00,76.03,4.96,95.43,1.903
2025-04-22 13:18:00,79.96,5.28,98.44,2.058
2025-04-22 13:19:00,78.72,5.15,92.04,2.106
2025-04-22 13:20:00,75.63,4.88,111.44,2.087
2025-04-22 13:21:00,70.89,5.05,96.15,1.909
2025-04-22 13:22:00,76.67,5.24,110.14,2.046
2025-04-22 13:23:00,76.62,5.08,102.49,2.257
2025-04-22 13:24:00,78.44,5.71,99.0,2.187
2025-04-22 13:25:00,76.0,5.33,106.85,2.179
2025-04-22 13:26:00,72.74,5.14,104.68,2.141
2025-04-22 13:27:00,75.8,5.54,106.33,1.987
2025-04-22 13:28:00,76.68,5.71,96.97,2.024
2025-04-22 13:29:00,72.8,5.27,97.66,2.298
2025-04-22 13:30:00,74.56,5.09,102.94,2.088
2025-04-22 13:31:00,73.2,4.87,101.57,2.074
2025-04-22 13:32:00,80.54,5.17,101.2,2.302
2025-04-22 13:33:00,73.39,5.04,96.32,2.158
2025-04-22 13:34:00,74.49,5.31,106.42,2.055
2025-04-22 13:35:00,76.52,4.67,109.98,2.166
2025-04-22 13:36:00,74.81,4.88,101.34,2.074
2025-04-22 13:37:00,76.22,4.84,94.0,1.888
2025-04-22 13:38:00,75.38,5.06,104.75,1.998
2025-04-22 13:39:00,76.41,4.59,104.72,2.274
2025-04-22 13:40:00,78.02,5.27,97.11,2.266
2025-04-22 13:41:00,76.84,4.95,99.59,2.07
2025-04-22 13:42:00,77.97,5.24,98.33,2.142
2025-04-22 13:43:00,75.91,4.48,107.94,1.899
2025-04-22 13:44:00,76.05,4.76,114.0,2.196
2025-04-22 13:45:00,74.59,5.54,109.11,2.057
2025-04-22 13:46:00,74.64,5.03,106.37,1.925
2025-04-22 13:47:00,74.32,5.77,95.45,1.972
2025-04-22 13:48:00,77.27,4.68,102.26,2.105
2025-04-22 13:49:00,78.36,5.11,101.16,2.198
2025-04-22 13:50:00,77.52,4.72,104.98,2.134
2025-04-22 13:51:00,77.83,5.07,102.48,2.085
2025-04-22 13:52:00,76.23,4.04,102.28,2.164
2025-04-22 13:53:00,74.72,5.39,104.6,2.152
2025-04-22 13:54:00,79.12,5.32,101.81,2.05
2025-04-22 13:55:00,76.46,5.56,100.39,2.164
2025-04-22 13:56:00,70.78,5.3,106.03,2.051
2025-04-22 13:57:00,75.53,5.22,100.26,2.061
2025-04-22 13:58:00,74.85,4.86,96.58,1.904
2025-04-22 13:59:00,75.68,4.75,95.79,2.078
2025-04-22 14:00:00,71.78,4.25,103.62,2.411
2025-04-22 14:01:00,76.99,5.66,112.04,2.151
2025-04-22 14:02:00,74.8,4.71,108.95,1.75
2025-04-22 14:03:00,79.06,4.97,98.82,2.338
2025-04-22 14:04:00,71.36,4.83,104.15,2.23
2025-04-22 14:05:00,78.92,5.43,96.39,2.108
2025-04-22 14:06:00,75.06,5.07,109.87,2.115
2025-04-22 14:07:00,77.15,4.92,97.52,2.161
2025-04-22 14:08:00,73.82,5.39,96.55,2.071
2025-04-22 14:09:00,76.98,5.04,98.13,2.178
2025-04-22 14:10:00,72.68,5.41,96.52,2.214
2025-04-22 14:11:00,77.22,5.31,106.73,2.153
2025-04-22 14:12:00,73.92,4.99,111.31,2.037
2025-04-22 14:13:00,72.08,4.95,105.91,2.13
2025-04-22 14:14:00,76.79,5.12,97.35,2.028
2025-04-22 14:15:00,77.39,4.82,98.83,2.129
2025-04-22 14:16:00,75.41,5.16,105.04,2.081
2025-04-22 14:17:00,77.78,4.8,103.06,2.157
2025-04-22 14:18:00,80.05,5.2,96.72,2.126
2025-04-22 14:19:00,78.63,5.08,100.83,2.18
2025-04-22 14:20:00,73.28,4.88,102.23,1.974
2025-04-22 14:21:00,70.75,4.68,106.8,2.03
2025-04-22 14:22:00,74.41,5.33,101.19,2.347
2025-04-22 14:23:00,72.97,4.93,101.45,2.194
2025-04-22 14:24:00,78.92,4.71,101.73,2.291
2025-04-22 14:25:00,74.82,5.18,104.46,1.875
2025-04-22 14:26:00,73.28,5.18,107.32,2.021
2025-04-22 14:27:00,78.67,4.91,98.16,2.279
2025-04-22 14:28:00,76.76,5.58,98.52,2.151
2025-04-22 14:29:00,74.86,5.17,100.33,2.147
2025-04-22 14:30:00,80.99,5.28,103.91,2.054
2025-04-22 14:31:00,77.06,5.01,105.57,2.219
2025-04-22 14:32:00,72.51,5.26,111.07,2.158
2025-04-22 14:33:00,72.25,5.54,108.89,1.971
2025-04-22 14:34:00,73.91,4.27,100.48,2.042
2025-04-22 14:35:00,78.68,5.75,98.3,2.333
2025-04-22 14:36:00,80.13,4.77,96.17,2.212
2025-04-22 14:37:00,75.86,5.82,105.52,2.079
2025-04-22 14:38:00,74.58,5.27,108.66,2.146
2025-04-22 14:39:00,77.77,4.74,99.34,2.121
2025-04-22 14:40:00,79.43,4.79,109.05,2.031
2025-04-22 14:41:00,71.8,5.64,100.4,1.985
2025-04-22 14:42:00,75.06,4.61,102.04,2.328
2025-04-22 14:43:00,77.62,4.87,106.75,1.989
2025-04-22 14:44:00,78.34,4.83,92.8,2.211
2025-04-22 14:45:00,74.95,5.26,100.57,2.146
2025-04-22 14:46:00,76.92,4.98,102.61,2.091
2025-04-22 14:47:00,79.6,5.66,97.43,2.051
2025-04-22 14:48:00,70.04,5.09,107.45,2.047
2025-04-22 14:49:00,77.63,5.34,103.4,2.061
2025-04-22 14:50:00,79.82,5.37,103.18,2.068
2025-04-22 14:51:00,74.36,4.93,104.54,2.119
2025-04-22 14:52:00,74.19,5.63,109.03,1.954
2025-04-22 14:53:00,73.25,5.19,92.9,2.147
2025-04-22 14:54:00,75.88,5.59,106.63,2.044
2025-04-22 14:55:00,77.55,5.02,97.03,1.966
2025-04-22 14:56:00,73.7,5.46,98.28,2.246
2025-04-22 14:57:00,77.58,4.93,104.85,2.163
2025-04-22 14:58:00,79.57,5.04,113.89,1.833
2025-04-22 14:59:00,79.11,4.63,99.87,2.381
2025-04-22 15:00:00,81.15,4.89,94.36,2.064
2025-04-22 15:01:00,77.15,4.88,102.53,2.193
2025-04-22 15:02:00,76.47,4.98,111.99,2.234
2025-04-22 15:03:00,78.8,5.11,98.52,2.003
2025-04-22 15:04:00,73.23,5.37,102.27,2.106
2025-04-22 15:05:00,73.31,5.13,106.59,1.927
2025-04-22 15:06:00,74.59,5.2,107.31,2.382
2025-04-22 15:07:00,73.06,5.17,103.78,2.136
2025-04-22 15:08:00,77.93,5.11,94.13,2.061
2025-04-22 15:09:00,76.43,5.27,102.1,2.406
2025-04-22 15:10:00,74.7,4.79,106.77,2.262
2025-04-22 15:11:00,71.01,5.24,100.28,2.167
2025-04-22 15:12:00,73.43,4.66,106.26,2.037
2025-04-22 15:13:00,79.66,5.29,104.03,2.113
2025-04-22 15:14:00,80.91,5.05,99.52,2.039
2025-04-22 15:15:00,80.41,5.61,97.07,2.081
2025-04-22 15:16:00,76.66,4.66,101.95,1.783
2025-04-22 15:17:00,73.0,4.52,104.99,2.06
2025-04-22 15:18:00,74.3,5.45,91.01,2.174
2025-04-22 15:19:00,77.89,5.32,106.33,2.048
2025-04-22 15:20:00,81.82,5.13,100.54,1.942
2025-04-22 15:21:00,77.99,5.51,99.95,1.954
2025-04-22 15:22:00,75.99,5.38,110.07,2.176
2025-04-22 15:23:00,76.36,4.78,112.69,2.048
2025-04-22 15:24:00,72.92,4.98,104.64,2.038
2025-04-22 15:25:00,72.45,5.21,99.3,2.076
2025-04-22 15:26:00,74.3,5.04,90.89,2.107
2025-04-22 15:27:00,75.67,4.92,90.21,2.188
2025-04-22 15:28:00,73.38,5.47,100.37,2.343
2025-04-22 15:29:00,80.28,4.99,98.71,2.177
2025-04-22 15:30:00,73.93,5.32,105.47,2.257
2025-04-22 15:31:00,75.49,4.98,103.82,2.0
2025-04-22 15:32:00,73.84,4.92,100.41,2.044
2025-04-22 15:33:00,73.11,5.38,93.86,2.283
2025-04-22 15:34:00,74.02,5.2,92.06,2.057
2025-04-22 15:35:00,80.11,4.81,103.54,2.278
2025-04-22 15:36:00,77.45,5.41,96.98,2.289
2025-04-22 15:37:00,76.0,5.52,93.51,1.851
2025-04-22 15:38:00,75.4,4.72,98.37,2.144
2025-04-22 15:39:00,79.06,4.86,107.68,2.195
2025-04-22 15:40:00,76.69,5.96,103.81,2.092
2025-04-22 15:41:00,75.28,4.78,111.17,2.028
2025-04-22 15:42:00,77.08,5.1,89.45,1.909
2025-04-22 15:43:00,73.59,4.6,103.54,2.033
2025-04-22 15:44:00,74.96,5.1,104.41,2.225
2025-04-22 15:45:00,79.35,4.95,101.52,2.147
2025-04-22 15:46:00,80.86,4.99,108.18,2.358
2025-04-22 15:47:00,73.38,5.03,101.7,2.038
2025-04-22 15:48:00,75.52,5.34,108.38,2.149
2025-04-22 15:49:00,76.5,4.61,94.55,2.002
2025-04-22 15:50:00,75.64,4.58,105.13,2.067
2025-04-22 15:51:00,78.55,5.08,95.83,2.18
2025-04-22 15:52:00,73.27,4.45,106.66,1.985
2025-04-22 15:53:00,76.89,5.02,96.6,2.335
2025-04-22 15:54:00,78.14,4.61,98.8,2.144
2025-04-22 15:55:00,80.51,5.36,102.95,2.113
2025-04-22 15:56:00,72.77,4.59,111.95,1.977
2025-04-22 15:57:00,75.7,5.5,97.61,1.99
2025-04-22 15:58:00,76.76,5.04,103.24,2.182
2025-04-22 15:59:00,75.49,5.44,106.23,2.34
2025-04-22 16:00:00,73.57,5.72,105.75,2.067
2025-04-22 16:01:00,72.5,5.77,114.09,2.216
2025-04-22 16:02:00,78.32,5.23,107.52,2.119
2025-04-22 16:03:00,77.44,5.8,95.05,2.039
2025-04-22 16:04:00,79.09,5.18,101.45,2.045
2025-04-22 16:05:00,73.74,4.97,102.19,2.26
2025-04-22 16:06:00,74.63,5.08,104.52,1.855
2025-04-22 16:07:00,80.35,5.43,107.03,1.965
2025-04-22 16:08:00,78.28,4.84,108.21,1.901
2025-04-22 16:09:00,77.97,4.74,101.14,2.015
2025-04-22 16:10:00,77.57,4.69,98.18,2.198
2025-04-22 16:11:00,71.15,5.33,111.21,2.024
2025-04-22 16:12:00,78.88,5.04,102.35,2.032
2025-04-22 16:13:00,71.72,5.31,107.6,1.942
2025-04-22 16:14:00,74.32,4.56,100.42,2.148
2025-04-22 16:15:00,76.8,4.98,91.74,1.961
2025-04-22 16:16:00,76.47,5.13,102.82,2.127
2025-04-22 16:17:00,74.9,4.73,97.84,1.986
2025-04-22 16:18:00,75.94,5.26,90.37,2.141
2025-04-22 16:19:00,75.74,4.8,101.4,2.274
2025-04-22 16:20:00,77.37,5.38,98.12,2.074
2025-04-22 16:21:00,77.2,5.43,100.52,2.185
2025-04-22 16:22:00,76.42,5.26,108.89,1.953
2025-04-22 16:23:00,77.16,5.25,99.7,2.005
2025-04-22 16:24:00,76.68,4.64,106.3,2.059
2025-04-22 16:25:00,76.76,5.11,87.44,1.938
2025-04-22 16:26:00,77.14,5.78,107.63,2.199
2025-04-22 16:27:00,75.64,4.2,99.51,2.15
2025-04-22 16:28:00,75.69,5.37,101.53,2.031
2025-04-22 16:29:00,78.56,5.03,103.31,2.405
2025-04-22 16:30:00,74.43,5.16,112.77,2.029
2025-04-22 16:31:00,73.19,5.43,110.38,2.099
2025-04-22 16:32:00,77.41,5.44,103.04,2.104
2025-04-22 16:33:00,77.24,5.32,92.64,1.942
2025-04-22 16:34:00,78.75,5.45,91.91,2.075
2025-04-22 16:35:00,76.2,5.49,100.03,2.044
2025-04-22 16:36:00,76.56,5.27,106.5,1.985
2025-04-22 16:37:00,75.37,5.24,106.42,2.238
2025-04-22 16:38:00,72.34,4.8,104.58,2.091
2025-04-22 16:39:00,75.51,5.47,98.99,2.065
2025-04-22 16:40:00,78.0,5.24,107.31,2.337
2025-04-22 16:41:00,76.54,5.44,102.48,2.038
2025-04-22 16:42:00,78.5,5.07,99.79,2.09
2025-04-22 16:43:00,77.59,5.51,102.31,2.202
2025-04-22 16:44:00,75.64,4.57,98.49,2.065
2025-04-22 16:45:00,81.86,5.13,92.1,2.211
2025-04-22 16:46:00,80.07,5.69,105.77,2.119
2025-04-22 16:47:00,74.99,4.82,103.07,2.272
2025-04-22 16:48:00,75.82,4.61,105.97,2.228
2025-04-22 16:49:00,79.79,5.6,101.02,2.158
2025-04-22 16:50:00,80.95,4.94,106.2,1.991
2025-04-22 16:51:00,80.5,5.39,103.19,1.847
2025-04-22 16:52:00,72.95,5.65,101.51,2.0
2025-04-22 16:53:00,77.19,5.58,106.23,1.953
2025-04-22 16:54:00,80.12,5.0,105.94,2.024
2025-04-22 16:55:00,76.1,5.67,104.07,2.336
2025-04-22 16:56:00,80.18,5.05,92.92,2.099
2025-04-22 16:57:00,76.07,5.75,104.88,2.186
2025-04-22 16:58:00,77.43,6.03,92.74,2.249
2025-04-22 16:59:00,74.98,4.53,105.41,2.081
2025-04-22 17:00:00,75.0,5.57,103.71,2.113
2025-04-22 17:01:00,74.39,4.86,99.68,2.009
2025-04-22 17:02:00,76.13,4.67,104.79,2.226
2025-04-22 17:03:00,74.12,5.55,110.8,2.041
2025-04-22 17:04:00,79.68,5.45,108.72,2.25
2025-04-22 17:05:00,75.31,4.26,111.86,2.176
2025-04-22 17:06:00,76.87,4.76,103.72,2.042
2025-04-22 17:07:00,75.46,4.87,109.06,2.07
2025-04-22 17:08:00,79.22,4.85,102.45,2.079
2025-04-22 17:09:00,76.56,5.08,95.41,2.158
2025-04-22 17:10:00,77.93,4.92,99.18,2.176
2025-04-22 17:11:00,76.7,5.46,115.07,2.395
2025-04-22 17:12:00,79.6,5.26,99.93,2.069
2025-04-22 17:13:00,75.85,5.22,97.73,2.175
2025-04-22 17:14:00,71.61,5.55,98.26,2.193
2025-04-22 17:15:00,77.1,5.62,95.34,2.082
2025-04-22 17:16:00,76.79,4.76,100.1,2.189
2025-04-22 17:17:00,75.47,4.63,97.39,2.041
2025-04-22 17:18:00,75.25,5.03,99.8,2.326
2025-04-22 17:19:00,76.03,5.59,104.63,2.113
2025-04-22 17:20:00,76.3,4.57,100.22,2.298
2025-04-22 17:21:00,78.46,4.97,103.93,2.118
2025-04-22 17:22:00,75.47,5.09,91.43,2.024
2025-04-22 17:23:00,78.09,5.29,99.73,2.188
2025-04-22 17:24:00,71.52,5.34,103.72,2.186
2025-04-22 17:25:00,76.75,5.59,96.33,2.035
2025-04-22 17:26:00,72.32,4.63,92.98,1.932
2025-04-22 17:27:00,77.95,5.26,93.48,1.988
2025-04-22 17:28:00,82.31,5.38,106.81,2.11
2025-04-22 17:29:00,73.23,5.03,107.48,1.787
2025-04-22 17:30:00,79.73,5.19,92.75,1.988
2025-04-22 17:31:00,74.18,5.26,97.98,2.138
2025-04-22 17:32:00,75.95,4.87,110.06,2.299
2025-04-22 17:33:00,78.17,4.73,106.37,2.171
2025-04-22 17:34:00,73.98,5.26,95.58,2.094
2025-04-22 17:35:00,76.26,4.77,106.64,1.848
2025-04-22 17:36:00,73.4,5.21,108.96,2.205
2025-04-22 17:37:00,78.77,5.01,96.89,1.983
2025-04-22 17:38:00,75.23,5.37,104.61,2.177
2025-04-22 17:39:00,74.83,5.09,93.57,1.953
2025-04-22 17:40:00,75.03,4.79,107.83,2.102
2025-04-22 17:41:00,73.76,5.66,104.51,2.081
2025-04-22 17:42:00,75.53,5.02,107.2,2.135
2025-04-22 17:43:00,70.99,5.48,107.67,2.256
2025-04-22 17:44:00,80.71,5.07,96.34,2.198
2025-04-22 17:45:00,77.83,5.36,96.01,2.072
2025-04-22 17:46:00,76.1,4.74,101.38,2.193
2025-04-22 17:47:00,72.02,5.05,106.68,1.964
2025-04-22 17:48:00,77.4,4.87,108.36,2.155
2025-04-22 17:49:00,76.82,4.56,105.19,2.325
2025-04-22 17:50:00,73.52,4.48,97.2,2.127
2025-04-22 17:51:00,76.1,5.68,104.95,1.9
2025-04-22 17:52:00,75.36,4.69,111.9,2.25
2025-04-22 17:53:00,69.15,5.05,98.26,2.115
2025-04-22 17:54:00,76.4,5.55,107.52,2.023
2025-04-22 17:55:00,77.89,5.37,101.84,2.042
2025-04-22 17:56:00,73.04,5.13,100.87,2.031
2025-04-22 17:57:00,74.98,5.1,103.44,2.074
2025-04-22 17:58:00,76.15,5.61,106.82,2.158
2025-04-22 17:59:00,73.99,5.01,98.55,2.201
2025-04-22 18:00:00,76.48,4.99,97.67,2.267
2025-04-22 18:01:00,78.05,5.25,104.46,1.917
2025-04-22 18:02:00,75.93,4.99,99.96,2.089
2025-04-22 18:03:00,75.54,5.48,102.41,2.073
2025-04-22 18:04:00,73.63,4.62,104.61,2.08
2025-04-22 18:05:00,75.23,4.83,103.3,1.893
2025-04-22 18:06:00,74.37,5.63,96.87,2.098
2025-04-22 18:07:00,80.71,4.97,98.57,2.012
2025-04-22 18:08:00,77.44,5.33,106.17,2.107
2025-04-22 18:09:00,79.73,5.19,103.36,2.084
2025-04-22 18:10:00,79.55,5.22,101.69,1.826
2025-04-22 18:11:00,72.87,4.76,101.51,2.2
2025-04-22 18:12:00,80.49,5.24,110.21,2.188
2025-04-22 18:13:00,75.77,5.37,101.11,1.996
2025-04-22 18:14:00,77.33,5.58,99.39,2.331
2025-04-22 18:15:00,74.46,5.23,88.3,2.264
2025-04-22 18:16:00,75.87,5.21,101.64,2.296
2025-04-22 18:17:00,72.95,4.87,107.23,2.251
2025-04-22 18:18:00,78.32,5.26,92.35,2.142
2025-04-22 18:19:00,75.91,4.39,102.38,1.951
2025-04-22 18:20:00,76.66,5.35,103.41,2.013
2025-04-22 18:21:00,74.27,5.35,94.49,2.248
2025-04-22 18:22:00,75.99,5.55,98.08,2.173
2025-04-22 18:23:00,75.7,4.71,106.99,1.905
2025-04-22 18:24:00,75.07,4.87,108.82,1.841
2025-04-22 18:25:00,72.7,4.67,107.64,2.018
2025-04-22 18:26:00,76.21,5.75,99.2,2.157
2025-04-22 18:27:00,78.9,4.92,99.19,2.054
2025-04-22 18:28:00,74.97,5.35,92.33,2.144
2025-04-22 18:29:00,80.83,5.1,94.79,2.137
2025-04-22 18:30:00,76.5,4.93,105.97,2.009
2025-04-22 18:31:00,78.47,5.77,98.87,2.17
2025-04-22 18:32:00,77.44,5.42,103.39,2.13
2025-04-22 18:33:00,74.4,5.28,104.97,2.097
2025-04-22 18:34:00,77.06,5.2,105.24,2.104
2025-04-22 18:35:00,75.04,5.34,102.53,2.069
2025-04-22 18:36:00,76.71,5.21,102.16,1.857
2025-04-22 18:37:00,77.88,5.33,98.69,2.137
2025-04-22 18:38:00,74.17,4.89,107.07,2.215
2025-04-22 18:39:00,78.96,4.79,103.94,2.224
2025-04-22 18:40:00,75.02,4.32,97.98,2.195
2025-04-22 18:41:00,73.58,4.64,99.45,2.087
2025-04-22 18:42:00,76.17,4.86,107.19,2.238
2025-04-22 18:43:00,73.49,5.41,111.17,2.183
2025-04-22 18:44:00,73.21,5.52,98.65,2.054
2025-04-22 18:45:00,72.89,5.37,104.97,2.053
2025-04-22 18:46:00,81.48,5.41,102.44,2.061
2025-04-22 18:47:00,77.96,4.93,98.35,2.169
2025-04-22 18:48:00,77.29,5.06,100.33,1.988
2025-04-22 18:49:00,77.36,4.75,94.23,2.175
2025-04-22 18:50:00,77.54,5.48,97.68,2.196
2025-04-22 18:51:00,78.98,5.0,102.59,2.093
2025-04-22 18:52:00,76.74,5.14,107.32,2.077
2025-04-22 18:53:00,76.44,5.18,98.15,2.218
2025-04-22 18:54:00,72.99,5.66,99.23,2.054
2025-04-22 18:55:00,74.18,5.2,99.1,2.147
2025-04-22 18:56:00,77.0,5.45,98.8,1.946
2025-04-22 18:57:00,72.66,5.36,102.47,2.002
2025-04-22 18:58:00,78.08,4.74,94.86,2.217
2025-04-22 18:59:00,75.91,4.79,101.29,1.941
2025-04-22 19:00:00,75.14,5.3,102.9,2.081
2025-04-22 19:01:00,80.08,4.77,108.37,2.259
2025-04-22 19:02:00,73.79,4.76,101.95,2.148
2025-04-22 19:03:00,76.16,5.51,101.3,1.881
2025-04-22 19:04:00,75.04,5.17,102.86,2.193
2025-04-22 19:05:00,80.24,4.89,105.04,2.135
2025-04-22 19:06:00,74.11,4.75,97.34,2.084
2025-04-22 19:07:00,75.94,4.82,101.85,1.981
2025-04-22 19:08:00,74.61,4.72,106.57,1.939
2025-04-22 19:09:00,77.32,5.38,98.12,2.136
2025-04-22 19:10:00,78.08,4.83,95.58,2.232
2025-04-22 19:11:00,72.4,4.89,112.37,2.158
2025-04-22 19:12:00,74.98,4.54,94.97,1.997
2025-04-22 19:13:00,76.61,5.07,101.93,2.116
2025-04-22 19:14:00,77.32,5.76,106.33,2.135
2025-04-22 19:15:00,75.14,4.98,101.51,2.242
2025-04-22 19:16:00,76.05,5.03,99.23,2.074
2025-04-22 19:17:00,78.06,4.53,99.98,1.997
2025-04-22 19:18:00,78.4,5.35,96.61,2.21
2025-04-22 19:19:00,70.42,5.72,101.04,2.308
2025-04-22 19:20:00,75.7,5.9,104.34,2.222
2025-04-22 19:21:00,74.8,5.18,90.68,2.109
2025-04-22 19:22:00,76.51,5.39,104.57,2.127
2025-04-22 19:23:00,77.6,5.88,99.63,2.087
2025-04-22 19:24:00,74.06,5.29,97.96,2.069
2025-04-22 19:25:00,75.27,6.16,98.66,2.084
2025-04-22 19:26:00,76.32,4.94,99.1,2.164
2025-04-22 19:27:00,77.43,4.98,105.04,2.152
2025-04-22 19:28:00,74.17,5.55,98.76,2.263
2025-04-22 19:29:00,75.9,4.28,111.45,2.157
2025-04-22 19:30:00,73.05,4.88,104.92,2.135
2025-04-22 19:31:00,75.99,5.54,106.58,2.234
2025-04-22 19:32:00,76.18,5.13,106.02,2.132
2025-04-22 19:33:00,72.96,5.85,109.1,2.25
2025-04-22 19:34:00,78.57,4.0,91.44,2.225
2025-04-22 19:35:00,77.53,4.34,93.51,1.904
2025-04-22 19:36:00,73.71,4.42,101.14,2.251
2025-04-22 19:37:00,76.66,5.27,107.03,2.253
2025-04-22 19:38:00,76.65,5.01,103.26,2.166
2025-04-22 19:39:00,71.47,5.15,99.61,2.054
2025-04-22 19:40:00,74.88,5.14,103.41,2.135
2025-04-22 19:41:00,76.71,5.33,103.47,1.935
2025-04-22 19:42:00,72.22,4.52,98.19,2.038
2025-04-22 19:43:00,74.71,5.6,107.47,2.177
2025-04-22 19:44:00,77.46,4.86,99.05,2.062
2025-04-22 19:45:00,77.01,5.42,100.25,2.1
2025-04-22 19:46:00,72.72,4.95,108.08,2.368
2025-04-22 19:47:00,78.75,5.28,115.43,2.023
2025-04-22 19:48:00,77.35,5.16,108.12,1.853
2025-04-22 19:49:00,77.51,4.9,98.35,2.135
2025-04-22 19:50:00,81.74,4.82,105.73,2.264
2025-04-22 19:51:00,75.5,5.47,105.67,2.26
2025-04-22 19:52:00,78.46,5.22,99.85,2.085
2025-04-22 19:53:00,72.22,5.47,101.13,2.098
2025-04-22 19:54:00,77.52,5.05,102.99,2.224
2025-04-22 19:55:00,81.91,4.31,99.8,2.112
2025-04-22 19:56:00,77.91,5.72,98.03,1.929
2025-04-22 19:57:00,75.07,5.31,91.35,2.045
2025-04-22 19:58:00,72.06,5.21,111.99,2.087
2025-04-22 19:59:00,74.86,5.16,98.38,2.148
2025-04-22 20:00:00,77.04,4.84,96.32,2.029
2025-04-22 20:01:00,71.09,4.81,105.26,2.031
2025-04-22 20:02:00,76.55,5.1,107.49,2.041
2025-04-22 20:03:00,74.74,6.03,100.77,2.091
2025-04-22 20:04:00,73.91,4.56,99.96,2.281
2025-04-22 20:05:00,76.82,5.24,104.59,1.972
2025-04-22 20:06:00,74.58,5.21,104.9,2.184
2025-04-22 20:07:00,74.52,5.2,103.69,2.178
2025-04-22 20:08:00,74.69,4.8,110.16,2.034
2025-04-22 20:09:00,73.33,5.37,103.44,2.124
2025-04-22 20:10:00,76.8,4.21,98.51,2.094
2025-04-22 20:11:00,71.49,4.85,100.31,2.105
2025-04-22 20:12:00,76.45,4.75,103.71,2.231
2025-04-22 20:13:00,77.48,4.67,94.03,2.166
2025-04-22 20:14:00,78.47,5.77,107.33,2.291
2025-04-22 20:15:00,77.06,5.47,98.21,2.232
2025-04-22 20:16:00,79.11,5.54,105.23,2.016
2025-04-22 20:17:00,72.88,5.4,110.63,2.186
2025-04-22 20:18:00,75.18,4.63,98.99,2.209
2025-04-22 20:19:00,74.0,5.3,109.0,2.062
2025-04-22 20:20:00,71.41,5.08,104.68,2.164
2025-04-22 20:21:00,77.2,5.62,100.66,2.158
2025-04-22 20:22:00,77.98,5.03,115.43,2.133
2025-04-22 20:23:00,75.86,4.96,103.33,2.154
2025-04-22 20:24:00,78.91,4.96,102.84,2.304
2025-04-22 20:25:00,75.46,5.14,102.89,2.093
2025-04-22 20:26:00,74.95,5.05,106.42,2.107
2025-04-22 20:27:00,77.35,5.53,102.5,2.167
2025-04-22 20:28:00,76.88,5.35,98.43,2.11
2025-04-22 20:29:00,78.36,5.57,102.05,2.127
2025-04-22 20:30:00,74.3,5.61,105.43,2.231
2025-04-22 20:31:00,72.34,5.41,102.6,2.323
2025-04-22 20:32:00,73.73,5.33,105.37,2.118
2025-04-22 20:33:00,73.43,5.1,105.32,2.52
2025-04-22 20:34:00,76.9,4.99,95.36,2.26
2025-04-22 20:35:00,77.88,5.09,105.93,2.089
2025-04-22 20:36:00,78.5,5.34,110.82,1.905
2025-04-22 20:37:00,73.97,4.82,100.51,2.255
2025-04-22 20:38:00,75.04,5.46,113.06,2.129
2025-04-22 20:39:00,74.24,4.13,96.68,2.338
2025-04-22 20:40:00,76.96,5.06,100.26,2.148
2025-04-22 20:41:00,76.5,5.34,106.7,2.117
2025-04-22 20:42:00,76.85,4.57,96.04,1.963
2025-04-22 20:43:00,73.98,5.15,98.08,2.123
2025-04-22 20:44:00,73.4,5.44,99.5,1.953
2025-04-22 20:45:00,75.37,4.58,107.46,2.072
2025-04-22 20:46:00,73.31,4.7,114.69,2.042
2025-04-22 20:47:00,79.94,5.16,103.57,2.003
2025-04-22 20:48:00,77.17,4.87,106.16,2.098
2025-04-22 20:49:00,72.93,4.95,100.53,2.277
2025-04-22 20:50:00,78.8,5.37,102.59,1.976
2025-04-22 20:51:00,75.36,5.12,97.86,2.11
2025-04-22 20:52:00,76.19,5.47,102.53,2.138
2025-04-22 20:53:00,78.49,5.29,104.73,2.192
2025-04-22 20:54:00,77.08,5.15,103.53,2.274
2025-04-22 20:55:00,74.75,5.82,91.07,2.118
2025-04-22 20:56:00,77.08,4.79,99.72,1.997
2025-04-22 20:57:00,72.16,5.25,101.65,2.012
2025-04-22 20:58:00,72.64,4.01,105.19,2.036
2025-04-22 20:59:00,77.44,5.43,97.09,2.154
2025-04-22 21:00:00,75.79,4.92,92.3,2.251
2025-04-22 21:01:00,73.59,5.59,101.87,2.123
2025-04-22 21:02:00,76.25,4.45,100.27,2.053
2025-04-22 21:03:00,77.1,5.25,109.51,1.98
2025-04-22 21:04:00,73.43,5.08,91.44,2.077
2025-04-22 21:05:00,78.46,5.05,108.88,1.854
2025-04-22 21:06:00,78.78,5.41,92.47,2.136
2025-04-22 21:07:00,77.4,5.05,106.5,2.149
2025-04-22 21:08:00,73.07,4.77,93.05,2.129
2025-04-22 21:09:00,76.5,5.14,94.47,2.175
2025-04-22 21:10:00,78.52,4.83,100.33,2.206
2025-04-22 21:11:00,74.33,4.85,109.6,2.01
2025-04-22 21:12:00,74.04,4.89,100.99,1.914
2025-04-22 21:13:00,73.39,5.18,96.46,2.287
2025-04-22 21:14:00,73.81,4.74,101.96,2.093
2025-04-22 21:15:00,74.51,5.1,106.5,2.262
2025-04-22 21:16:00,77.41,4.34,103.09,2.143
2025-04-22 21:17:00,78.65,5.12,97.11,2.39
2025-04-22 21:18:00,72.66,5.48,98.31,2.051
2025-04-22 21:19:00,77.35,5.79,102.98,1.907
2025-04-22 21:20:00,77.74,4.93,95.74,2.257
2025-04-22 21:21:00,77.69,4.46,91.87,2.053
2025-04-22 21:22:00,78.64,5.02,91.59,2.171
2025-04-22 21:23:00,72.99,5.26,105.18,2.256
2025-04-22 21:24:00,73.37,4.72,97.18,2.168
2025-04-22 21:25:00,78.48,4.46,109.04,1.914
2025-04-22 21:26:00,78.55,5.7,104.77,2.038
2025-04-22 21:27:00,71.76,5.15,102.31,2.055
2025-04-22 21:28:00,73.84,5.19,111.23,2.286
2025-04-22 21:29:00,78.14,5.28,102.58,2.132
2025-04-22 21:30:00,75.96,5.09,112.9,1.99
2025-04-22 21:31:00,78.05,5.42,102.49,2.019
2025-04-22 21:32:00,76.25,5.4,103.22,2.211
2025-04-22 21:33:00,77.63,5.03,102.09,2.149
2025-04-22 21:34:00,73.22,4.62,104.27,2.24
2025-04-22 21:35:00,74.14,4.86,101.48,1.992
2025-04-22 21:36:00,74.36,6.12,96.88,2.161
2025-04-22 21:37:00,76.92,4.79,106.94,1.918
2025-04-22 21:38:00,77.64,5.63,91.73,2.04
2025-04-22 21:39:00,76.62,5.21,98.12,1.986
2025-04-22 21:40:00,74.96,5.07,100.48,2.146
2025-04-22 21:41:00,76.05,5.0,100.4,2.112
2025-04-22 21:42:00,75.47,4.84,97.91,2.497
2025-04-22 21:43:00,76.11,4.55,111.53,2.057
2025-04-22 21:44:00,76.92,5.09,100.9,2.203
2025-04-22 21:45:00,76.56,5.22,99.72,2.003
2025-04-22 21:46:00,75.77,4.31,104.6,2.114
2025-04-22 21:47:00,72.73,5.43,106.81,2.313
2025-04-22 21:48:00,73.74,5.12,105.49,1.921
2025-04-22 21:49:00,75.21,5.45,102.68,2.226
2025-04-22 21:50:00,72.22,4.69,109.91,2.092
2025-04-22 21:51:00,78.55,5.19,108.91,2.318
2025-04-22 21:52:00,76.64,5.11,109.62,1.931
2025-04-22 21:53:00,80.47,4.81,96.89,1.915
2025-04-22 21:54:00,78.3,5.52,106.99,1.869
2025-04-22 21:55:00,76.76,4.84,105.78,2.01
2025-04-22 21:56:00,77.67,4.79,101.58,2.012
2025-04-22 21:57:00,79.25,5.08,104.89,2.15
2025-04-22 21:58:00,74.93,5.37,91.99,2.396
2025-04-22 21:59:00,76.74,5.56,91.17,2.031
2025-04-22 22:00:00,75.87,5.43,106.49,2.114
2025-04-22 22:01:00,76.44,5.12,96.19,1.968
2025-04-22 22:02:00,76.59,5.37,106.01,2.099
2025-04-22 22:03:00,76.79,4.83,95.24,2.211
2025-04-22 22:04:00,78.35,5.81,97.1,2.203
2025-04-22 22:05:00,80.38,5.66,106.1,2.289
2025-04-22 22:06:00,75.28,5.01,102.61,2.158
2025-04-22 22:07:00,73.67,5.04,105.33,1.925
2025-04-22 22:08:00,74.93,4.67,109.22,1.913
2025-04-22 22:09:00,78.27,5.05,108.77,2.151
2025-04-22 22:10:00,75.78,5.11,94.23,2.063
2025-04-22 22:11:00,72.61,4.56,110.37,2.115
2025-04-22 22:12:00,77.17,5.63,97.91,2.152
2025-04-22 22:13:00,75.15,4.87,100.21,2.076
2025-04-22 22:14:00,74.92,5.19,100.49,2.14
2025-04-22 22:15:00,75.45,5.09,103.67,2.196
2025-04-22 22:16:00,73.95,5.38,101.74,2.28
2025-04-22 22:17:00,75.31,5.12,103.01,2.193
2025-04-22 22:18:00,77.6,5.69,106.44,2.035
2025-04-22 22:19:00,81.03,5.1,99.97,1.986
2025-04-22 22:20:00,80.23,4.59,104.26,2.128
2025-04-22 22:21:00,72.03,4.66,99.26,2.05
2025-04-22 22:22:00,76.0,4.71,98.59,2.238
2025-04-22 22:23:00,78.16,4.69,97.41,1.912
2025-04-22 22:24:00,78.41,5.17,96.84,2.079
2025-04-22 22:25:00,75.08,4.63,109.77,1.963
2025-04-22 22:26:00,74.59,5.48,107.6,2.015
2025-04-22 22:27:00,79.58,4.82,104.38,2.113
2025-04-22 22:28:00,78.98,5.18,107.5,1.951
2025-04-22 22:29:00,74.34,4.84,98.62,2.004
2025-04-22 22:30:00,77.23,4.66,101.37,1.992
2025-04-22 22:31:00,76.69,4.13,99.01,2.068
2025-04-22 22:32:00,75.87,4.9,95.81,1.94
2025-04-22 22:33:00,78.05,5.07,98.67,2.062
2025-04-22 22:34:00,77.05,4.86,99.99,1.812
2025-04-22 22:35:00,73.23,5.38,107.56,2.057
2025-04-22 22:36:00,72.31,5.21,103.33,2.26
2025-04-22 22:37:00,78.52,5.22,91.55,2.209
2025-04-22 22:38:00,74.62,5.33,98.45,1.921
2025-04-22 22:39:00,77.62,5.25,103.41,1.892
2025-04-22 22:40:00,76.71,5.75,97.57,2.184
2025-04-22 22:41:00,81.82,5.26,102.77,2.245
2025-04-22 22:42:00,75.2,5.54,96.84,2.076
2025-04-22 22:43:00,77.44,5.11,108.02,2.207
2025-04-22 22:44:00,77.91,5.87,102.04,2.078
2025-04-22 22:45:00,75.77,5.39,97.18,1.849
2025-04-22 22:46:00,76.57,5.12,113.32,1.691
2025-04-22 22:47:00,75.07,5.98,102.65,2.142
2025-04-22 22:48:00,75.27,4.99,103.39,2.147
2025-04-22 22:49:00,75.83,5.35,109.61,2.23
2025-04-22 22:50:00,77.31,4.75,107.39,2.157
2025-04-22 22:51:00,78.52,4.62,105.45,2.085
2025-04-22 22:52:00,72.93,5.25,106.58,2.047
2025-04-22 22:53:00,78.29,5.63,100.62,2.048
2025-04-22 22:54:00,77.25,4.83,93.31,1.997
2025-04-22 22:55:00,78.33,4.93,103.94,2.078
2025-04-22 22:56:00,73.73,4.37,98.39,2.17
2025-04-22 22:57:00,73.36,4.8,93.72,2.324
2025-04-22 22:58:00,75.74,5.13,94.26,2.103
2025-04-22 22:59:00,74.06,5.2,92.86,2.1
2025-04-22 23:00:00,75.18,4.99,100.54,2.262
2025-04-22 23:01:00,75.68,5.22,99.36,2.146
2025-04-22 23:02:00,80.06,5.95,109.05,2.107
2025-04-22 23:03:00,78.22,5.25,91.68,2.267
2025-04-22 23:04:00,76.92,4.99,100.44,2.128
2025-04-22 23:05:00,72.04,4.83,101.15,2.169
2025-04-22 23:06:00,80.57,4.82,104.55,1.922
2025-04-22 23:07:00,71.01,5.25,104.61,2.023
2025-04-22 23:08:00,74.75,5.07,102.24,2.181
2025-04-22 23:09:00,77.7,4.79,101.57,1.907
2025-04-22 23:10:00,81.9,4.92,93.67,2.251
2025-04-22 23:11:00,77.56,4.9,108.9,1.93
2025-04-22 23:12:00,75.0,4.59,96.9,2.055
2025-04-22 23:13:00,73.5,5.03,106.81,2.326
2025-04-22 23:14:00,80.34,5.58,95.39,2.167
2025-04-22 23:15:00,74.85,4.85,102.9,2.042
2025-04-22 23:16:00,80.73,5.15,102.67,2.252
2025-04-22 23:17:00,77.87,5.29,107.72,2.001
2025-04-22 23:18:00,76.58,5.15,97.77,2.09
2025-04-22 23:19:00,77.63,4.91,108.43,1.903
2025-04-22 23:20:00,78.94,5.67,107.78,2.292
2025-04-22 23:21:00,77.69,4.54,110.72,1.963
2025-04-22 23:22:00,71.49,5.12,114.66,2.085
2025-04-22 23:23:00,78.75,4.9,95.18,2.001
2025-04-22 23:24:00,70.18,6.05,90.41,2.09
2025-04-22 23:25:00,76.43,4.93,97.3,2.168
2025-04-22 23:26:00,73.69,5.19,102.05,1.952
2025-04-22 23:27:00,74.39,4.92,111.39,2.031
2025-04-22 23:28:00,74.27,4.83,99.14,2.062
2025-04-22 23:29:00,74.8,5.33,109.25,2.225
2025-04-22 23:30:00,76.41,5.54,104.71,2.123
2025-04-22 23:31:00,74.6,5.81,97.05,2.12
2025-04-22 23:32:00,77.23,5.29,107.29,2.048
2025-04-22 23:33:00,74.78,4.41,103.71,2.178
2025-04-22 23:34:00,68.91,5.1,99.07,2.183
2025-04-22 23:35:00,72.19,5.14,104.98,2.135
2025-04-22 23:36:00,73.91,5.58,107.5,2.018
2025-04-22 23:37:00,74.2,5.37,108.77,1.982
2025-04-22 23:38:00,73.61,4.62,94.77,2.022
2025-04-22 23:39:00,74.51,4.83,100.89,2.096
2025-04-22 23:40:00,77.0,4.9,96.04,1.97
2025-04-22 23:41:00,75.83,4.96,96.75,1.966
2025-04-22 23:42:00,78.89,5.02,101.53,2.134
2025-04-22 23:43:00,75.19,4.94,99.37,2.06
2025-04-22 23:44:00,73.12,4.91,104.71,1.973
2025-04-22 23:45:00,76.1,5.79,96.21,2.3
2025-04-22 23:46:00,75.95,6.0,90.87,1.881
2025-04-22 23:47:00,78.27,4.71,102.65,1.982
2025-04-22 23:48:00,74.87,4.97,105.28,1.946
2025-04-22 23:49:00,78.8,5.04,107.6,2.281
2025-04-22 23:50:00,72.6,4.46,99.59,2.109
2025-04-22 23:51:00,75.04,4.64,94.87,2.049
2025-04-22 23:52:00,76.28,4.89,101.0,2.115
2025-04-22 23:53:00,82.08,5.07,108.6,1.945
2025-04-22 23:54:00,78.03,4.57,107.76,1.983
2025-04-22 23:55:00,72.39,5.1,101.78,2.057
2025-04-22 23:56:00,77.59,5.02,107.42,2.045
2025-04-22 23:57:00,80.1,5.07,99.81,2.021
2025-04-22 23:58:00,74.71,5.46,97.65,2.048
2025-04-22 23:59:00,76.9,5.32,96.32,1.996
